{
   "type": "FeatureCollection",
   "features": [
  {
    "type": "Feature",
    "geometry": {
       "type": "Point",
       "coordinates":  [ -122.449984,37.745874 ]
    },
    "properties": {
    "record_type":"School",
    "cds_code":"38,684,780,119,958",
    "district":"San Francisco Unified",
    "school":"Academy (The)- SF @McAteer",
    "status":"Active",
    "open_date":"2009/08/24 12:00:00 AM",
    "charter_yesno":"false",
    "educational_program_type":"Alternative School of Choice",
    "entity_type":"Alternative Schools of Choice",
    "low_grade":"9",
    "high_grade":"12",
    "public_yesno":"true",
    "website":"www.sotacad.org/",
    "street_address":"555 Portola Dr.",
    "street_city":"San Francisco",
    "street_state":"CA",
    "street_zip":"94131-1616",
    "phone":"(415) 695-5700",
    "point":"POINT (-122.449984 37.745874)",
    "analysis_neighborhood":"Glen Park",
    "supervisor_district":8,
    "data_as_of":"2026/02/03 02:02:06 PM",
    "data_loaded_at":"2026/02/06 02:16:51 PM"
    }
  },
  {
    "type": "Feature",
    "geometry": {
       "type": "Point",
       "coordinates":  [ -122.424159,37.753680 ]
    },
    "properties": {
    "record_type":"School",
    "cds_code":"38,684,786,930,572",
    "district":"San Francisco Unified",
    "school":"Adda Clevenger School",
    "status":"Active",
    "open_date":"1980/07/01 12:00:00 AM",
    "charter_yesno":"false",
    "educational_program_type":"No Data",
    "entity_type":"Elementary School (Private)",
    "low_grade":"K",
    "high_grade":"8",
    "public_yesno":"false",
    "website":"www.addaclevenger.org",
    "street_address":"180 Fair Oaks St.",
    "street_city":"San Francisco",
    "street_state":"CA",
    "street_zip":"94110-2927",
    "phone":"(415) 824-2240",
    "point":"POINT (-122.424159 37.75368)",
    "analysis_neighborhood":"Mission",
    "supervisor_district":8,
    "data_as_of":"2026/02/03 02:02:06 PM",
    "data_loaded_at":"2026/02/06 02:16:51 PM"
    }
  },
  {
    "type": "Feature",
    "geometry": {
       "type": "Point",
       "coordinates":  [ -122.482191,37.783124 ]
    },
    "properties": {
    "record_type":"School",
    "cds_code":"38,684,786,040,695",
    "district":"San Francisco Unified",
    "school":"Alamo Elementary",
    "status":"Active",
    "open_date":"1980/07/01 12:00:00 AM",
    "charter_yesno":"false",
    "educational_program_type":"Traditional",
    "entity_type":"Elementary Schools (Public)",
    "low_grade":"K",
    "high_grade":"5",
    "public_yesno":"true",
    "website":"No Data",
    "street_address":"250 23rd Ave.",
    "street_city":"San Francisco",
    "street_state":"CA",
    "street_zip":"94121-2009",
    "phone":"(415) 750-8456",
    "point":"POINT (-122.482191 37.783124)",
    "analysis_neighborhood":"Outer Richmond",
    "supervisor_district":1,
    "data_as_of":"2026/02/03 02:02:06 PM",
    "data_loaded_at":"2026/02/06 02:16:51 PM"
    }
  },
  {
    "type": "Feature",
    "geometry": {
       "type": "Point",
       "coordinates":  [ -122.406120,37.787767 ]
    },
    "properties": {
    "record_type":"School",
    "cds_code":"38,684,786,168,959",
    "district":"San Francisco Unified",
    "school":"Aloha Micro Academy",
    "status":"Active",
    "open_date":"2023/12/04 12:00:00 AM",
    "charter_yesno":"false",
    "educational_program_type":"No Data",
    "entity_type":"K-12 Schools (Private)",
    "low_grade":"K",
    "high_grade":"12",
    "public_yesno":"false",
    "website":"www.alohamicroacademy.org",
    "street_address":"166 Geary Str Ste 1500 #1532",
    "street_city":"San Francisco",
    "street_state":"CA",
    "street_zip":"94108-5628",
    "phone":"(719) 877-3592",
    "point":"POINT (-122.40612 37.787767)",
    "analysis_neighborhood":"Financial District/South Beach",
    "supervisor_district":3,
    "data_as_of":"2026/02/03 02:02:06 PM",
    "data_loaded_at":"2026/02/06 02:16:51 PM"
    }
  },
  {
    "type": "Feature",
    "geometry": {
       "type": "Point",
       "coordinates":  [ -122.433941,37.804570 ]
    },
    "properties": {
    "record_type":"School",
    "cds_code":"38,684,786,172,357",
    "district":"San Francisco Unified",
    "school":"Alpha School San Francisco",
    "status":"Active",
    "open_date":"2025/08/25 12:00:00 AM",
    "charter_yesno":"false",
    "educational_program_type":"No Data",
    "entity_type":"Elementary School (Private)",
    "low_grade":"K",
    "high_grade":"8",
    "public_yesno":"false",
    "website":"https://alpha.school/san-francisco/",
    "street_address":"3741 Buchanan St",
    "street_city":"San Francisco",
    "street_state":"CA",
    "street_zip":"94123-1710",
    "phone":"(512) 595-0801",
    "point":"POINT (-122.433941 37.80457)",
    "analysis_neighborhood":"Marina",
    "supervisor_district":2,
    "data_as_of":"2026/02/03 02:02:06 PM",
    "data_loaded_at":"2026/02/06 02:16:51 PM"
    }
  },
  {
    "type": "Feature",
    "geometry": {
       "type": "Point",
       "coordinates":  [ -122.407310,37.725947 ]
    },
    "properties": {
    "record_type":"School",
    "cds_code":"38,684,786,140,099",
    "district":"San Francisco Unified",
    "school":"Alta Vista School",
    "status":"Active",
    "open_date":"2011/03/21 12:00:00 AM",
    "charter_yesno":"false",
    "educational_program_type":"No Data",
    "entity_type":"Elementary School (Private)",
    "low_grade":"K",
    "high_grade":"8",
    "public_yesno":"false",
    "website":"www.altavistaschool.org",
    "street_address":"450 Somerset St.",
    "street_city":"San Francisco",
    "street_state":"CA",
    "street_zip":"94134-1724",
    "phone":"(415) 467-3700",
    "point":"POINT (-122.40731 37.725947)",
    "analysis_neighborhood":"Portola",
    "supervisor_district":9,
    "data_as_of":"2026/02/03 02:02:06 PM",
    "data_loaded_at":"2026/02/06 02:16:51 PM"
    }
  },
  {
    "type": "Feature",
    "geometry": {
       "type": "Point",
       "coordinates":  [ -122.438734,37.753675 ]
    },
    "properties": {
    "record_type":"School",
    "cds_code":"38,684,786,040,703",
    "district":"San Francisco Unified",
    "school":"Alvarado Elementary",
    "status":"Active",
    "open_date":"1980/07/01 12:00:00 AM",
    "charter_yesno":"false",
    "educational_program_type":"Traditional",
    "entity_type":"Elementary Schools (Public)",
    "low_grade":"K",
    "high_grade":"5",
    "public_yesno":"true",
    "website":"No Data",
    "street_address":"625 Douglas St.",
    "street_city":"San Francisco",
    "street_state":"CA",
    "street_zip":"94114-3140",
    "phone":"(415) 695-5695",
    "point":"POINT (-122.438734 37.753675)",
    "analysis_neighborhood":"Noe Valley",
    "supervisor_district":8,
    "data_as_of":"2026/02/03 02:02:06 PM",
    "data_loaded_at":"2026/02/06 02:16:51 PM"
    }
  },
  {
    "type": "Feature",
    "geometry": {
       "type": "Point",
       "coordinates":  [ -122.466233,37.730234 ]
    },
    "properties": {
    "record_type":"School",
    "cds_code":"38,684,786,062,020",
    "district":"San Francisco Unified",
    "school":"Aptos Middle",
    "status":"Active",
    "open_date":"1980/07/01 12:00:00 AM",
    "charter_yesno":"false",
    "educational_program_type":"Traditional",
    "entity_type":"Intermediate/Middle Schools (Public)",
    "low_grade":"6",
    "high_grade":"8",
    "public_yesno":"true",
    "website":"No Data",
    "street_address":"105 Aptos Ave.",
    "street_city":"San Francisco",
    "street_state":"CA",
    "street_zip":"94127-2520",
    "phone":"(415) 469-4520",
    "point":"POINT (-122.466233 37.730234)",
    "analysis_neighborhood":"West of Twin Peaks",
    "supervisor_district":7,
    "data_as_of":"2026/02/03 02:02:06 PM",
    "data_loaded_at":"2026/02/06 02:16:51 PM"
    }
  },
  {
    "type": "Feature",
    "geometry": {
       "type": "Point",
       "coordinates":  [ -122.453418,37.728235 ]
    },
    "properties": {
    "record_type":"School",
    "cds_code":"38,684,786,939,730",
    "district":"San Francisco Unified",
    "school":"Archbishop Riordan High School",
    "status":"Active",
    "open_date":"1980/07/01 12:00:00 AM",
    "charter_yesno":"false",
    "educational_program_type":"No Data",
    "entity_type":"High Schools (Private)",
    "low_grade":"9",
    "high_grade":"12",
    "public_yesno":"false",
    "website":"www.riordanhs.org",
    "street_address":"175 Frida Kahlo Way",
    "street_city":"San Francisco",
    "street_state":"CA",
    "street_zip":"94112-1822",
    "phone":"(415) 586-8200",
    "point":"POINT (-122.453418 37.728235)",
    "analysis_neighborhood":"West of Twin Peaks",
    "supervisor_district":7,
    "data_as_of":"2026/02/03 02:02:06 PM",
    "data_loaded_at":"2026/02/06 02:16:51 PM"
    }
  },
  {
    "type": "Feature",
    "geometry": {
       "type": "Point",
       "coordinates":  [ -122.476799,37.775150 ]
    },
    "properties": {
    "record_type":"School",
    "cds_code":"38,684,786,040,737",
    "district":"San Francisco Unified",
    "school":"Argonne Elementary",
    "status":"Active",
    "open_date":"1980/07/01 12:00:00 AM",
    "charter_yesno":"false",
    "educational_program_type":"Traditional",
    "entity_type":"Elementary Schools (Public)",
    "low_grade":"K",
    "high_grade":"5",
    "public_yesno":"true",
    "website":"No Data",
    "street_address":"680 18th Ave.",
    "street_city":"San Francisco",
    "street_state":"CA",
    "street_zip":"94121-3818",
    "phone":"(415) 750-8460",
    "point":"POINT (-122.476799 37.77515)",
    "analysis_neighborhood":"Outer Richmond",
    "supervisor_district":1,
    "data_as_of":"2026/02/03 02:02:06 PM",
    "data_loaded_at":"2026/02/06 02:16:51 PM"
    }
  },
  {
    "type": "Feature",
    "geometry": {
       "type": "Point",
       "coordinates":  [ -122.394874,37.750495 ]
    },
    "properties": {
    "record_type":"School",
    "cds_code":"38,684,787,019,417",
    "district":"San Francisco Unified",
    "school":"Arise Educational Center",
    "status":"Active",
    "open_date":"1980/07/01 12:00:00 AM",
    "charter_yesno":"false",
    "educational_program_type":"Nonpublic Certified School",
    "entity_type":"K-12 Schools (Private)",
    "low_grade":"K",
    "high_grade":"12",
    "public_yesno":"false",
    "website":"www.ariseeducationalcenter.com",
    "street_address":"1760 Cesar Chavez St., Ste. Rs",
    "street_city":"San Francisco",
    "street_state":"CA",
    "street_zip":"94124-1136",
    "phone":"(415) 641-1878",
    "point":"POINT (-122.394874 37.750495)",
    "analysis_neighborhood":"Bayview Hunters Point",
    "supervisor_district":10,
    "data_as_of":"2026/02/03 02:02:06 PM",
    "data_loaded_at":"2026/02/06 02:16:51 PM"
    }
  },
  {
    "type": "Feature",
    "geometry": {
       "type": "Point",
       "coordinates":  [ -122.449984,37.745874 ]
    },
    "properties": {
    "record_type":"School",
    "cds_code":"38,684,783,830,387",
    "district":"San Francisco Unified",
    "school":"Asawa (Ruth) SF Sch of the Arts, A Public School",
    "status":"Active",
    "open_date":"1992/09/01 12:00:00 AM",
    "charter_yesno":"false",
    "educational_program_type":"Alternative School of Choice",
    "entity_type":"Alternative Schools of Choice",
    "low_grade":"9",
    "high_grade":"12",
    "public_yesno":"true",
    "website":"No Data",
    "street_address":"555 Portola Dr.",
    "street_city":"San Francisco",
    "street_state":"CA",
    "street_zip":"94131-1616",
    "phone":"(415) 695-5700",
    "point":"POINT (-122.449984 37.745874)",
    "analysis_neighborhood":"Glen Park",
    "supervisor_district":8,
    "data_as_of":"2026/02/03 02:02:06 PM",
    "data_loaded_at":"2026/02/06 02:16:51 PM"
    }
  },
  {
    "type": "Feature",
    "geometry": {
       "type": "Point",
       "coordinates":  [ -122.487198,37.773614 ]
    },
    "properties": {
    "record_type":"School",
    "cds_code":"38,684,786,206,007",
    "district":"San Francisco Unified",
    "school":"Bais Menacham Yeshiva Day School",
    "status":"Active",
    "open_date":"2005/05/24 12:00:00 AM",
    "charter_yesno":"false",
    "educational_program_type":"No Data",
    "entity_type":"Elementary School (Private)",
    "low_grade":"K",
    "high_grade":"8",
    "public_yesno":"false",
    "website":"www.bmyds.org",
    "street_address":"834 28th Ave.",
    "street_city":"San Francisco",
    "street_state":"CA",
    "street_zip":"94121-3514",
    "phone":"(415) 636-9770",
    "point":"POINT (-122.487198 37.773614)",
    "analysis_neighborhood":"Outer Richmond",
    "supervisor_district":1,
    "data_as_of":"2026/02/03 02:02:06 PM",
    "data_loaded_at":"2026/02/06 02:16:51 PM"
    }
  },
  {
    "type": "Feature",
    "geometry": {
       "type": "Point",
       "coordinates":  [ -122.439853,37.722073 ]
    },
    "properties": {
    "record_type":"School",
    "cds_code":"38,684,783,830,288",
    "district":"San Francisco Unified",
    "school":"Balboa High",
    "status":"Active",
    "open_date":"1980/07/01 12:00:00 AM",
    "charter_yesno":"false",
    "educational_program_type":"Traditional",
    "entity_type":"High Schools (Public)",
    "low_grade":"9",
    "high_grade":"12",
    "public_yesno":"true",
    "website":"No Data",
    "street_address":"1000 Cayuga Ave.",
    "street_city":"San Francisco",
    "street_state":"CA",
    "street_zip":"94112-3236",
    "phone":"(415) 469-4090",
    "point":"POINT (-122.439853 37.722073)",
    "analysis_neighborhood":"Outer Mission",
    "supervisor_district":11,
    "data_as_of":"2026/02/03 02:02:06 PM",
    "data_loaded_at":"2026/02/06 02:16:51 PM"
    }
  },
  {
    "type": "Feature",
    "geometry": {
       "type": "Point",
       "coordinates":  [ -122.398021,37.760533 ]
    },
    "properties": {
    "record_type":"School",
    "cds_code":"38,684,786,170,153",
    "district":"San Francisco Unified",
    "school":"Bertrand D Hsu American & Chinese Bicultural Academy",
    "status":"Active",
    "open_date":"2024/08/13 12:00:00 AM",
    "charter_yesno":"false",
    "educational_program_type":"No Data",
    "entity_type":"Elementary School (Private)",
    "low_grade":"K",
    "high_grade":"8",
    "public_yesno":"false",
    "website":"www.berthsuacademy.org",
    "street_address":"455 Arkansas St.",
    "street_city":"San Francisco",
    "street_state":"CA",
    "street_zip":"94107-2813",
    "phone":"(415) 688-7827",
    "point":"POINT (-122.398021 37.760533)",
    "analysis_neighborhood":"Potrero Hill",
    "supervisor_district":10,
    "data_as_of":"2026/02/03 02:02:06 PM",
    "data_loaded_at":"2026/02/06 02:16:51 PM"
    }
  },
  {
    "type": "Feature",
    "geometry": {
       "type": "Point",
       "coordinates":  [ -122.406120,37.787767 ]
    },
    "properties": {
    "record_type":"School",
    "cds_code":"38,684,786,169,445",
    "district":"San Francisco Unified",
    "school":"Bloomington Pre-University Education",
    "status":"Active",
    "open_date":"2024/03/19 12:00:00 AM",
    "charter_yesno":"false",
    "educational_program_type":"No Data",
    "entity_type":"High Schools (Private)",
    "low_grade":"K",
    "high_grade":"12",
    "public_yesno":"false",
    "website":"http://www.bu.edu.cw",
    "street_address":"166 Geary Str Ste 1500",
    "street_city":"San Francisco",
    "street_state":"CA",
    "street_zip":"94108-5628",
    "phone":"(412) 742-5762",
    "point":"POINT (-122.40612 37.787767)",
    "analysis_neighborhood":"Financial District/South Beach",
    "supervisor_district":3,
    "data_as_of":"2026/02/03 02:02:06 PM",
    "data_loaded_at":"2026/02/06 02:16:51 PM"
    }
  },
  {
    "type": "Feature",
    "geometry": {
       "type": "Point",
       "coordinates":  [ -122.468741,37.800303 ]
    },
    "properties": {
    "record_type":"School",
    "cds_code":"38,684,786,142,079",
    "district":"San Francisco Unified",
    "school":"Brightworks School",
    "status":"Active",
    "open_date":"2011/10/03 12:00:00 AM",
    "charter_yesno":"false",
    "educational_program_type":"No Data",
    "entity_type":"Elementary School (Private)",
    "low_grade":"K",
    "high_grade":"12",
    "public_yesno":"false",
    "website":"sfbrightworks.org",
    "street_address":"682 Schofield Rd",
    "street_city":"San Francisco",
    "street_state":"CA",
    "street_zip":"94129-1198",
    "phone":"(415) 701-8700",
    "point":"POINT (-122.468741 37.800303)",
    "analysis_neighborhood":"Presidio",
    "supervisor_district":2,
    "data_as_of":"2026/02/03 02:02:06 PM",
    "data_loaded_at":"2026/02/06 02:16:51 PM"
    }
  },
  {
    "type": "Feature",
    "geometry": {
       "type": "Point",
       "coordinates":  [ -122.436875,37.777794 ]
    },
    "properties": {
    "record_type":"School",
    "cds_code":"38,684,786,170,146",
    "district":"San Francisco Unified",
    "school":"Brilliant Microschool",
    "status":"Active",
    "open_date":"2024/08/13 12:00:00 AM",
    "charter_yesno":"false",
    "educational_program_type":"No Data",
    "entity_type":"K-12 Schools (Private)",
    "low_grade":"1",
    "high_grade":"12",
    "public_yesno":"false",
    "website":"Brilliantgrades.com",
    "street_address":"859 Scott St.",
    "street_city":"San Francisco",
    "street_state":"CA",
    "street_zip":"94117-1641",
    "phone":"(415) 271-3029",
    "point":"POINT (-122.436875 37.777794)",
    "analysis_neighborhood":"Western Addition",
    "supervisor_district":5,
    "data_as_of":"2026/02/03 02:02:06 PM",
    "data_loaded_at":"2026/02/06 02:16:51 PM"
    }
  },
  {
    "type": "Feature",
    "geometry": {
       "type": "Point",
       "coordinates":  [ -122.399692,37.735911 ]
    },
    "properties": {
    "record_type":"School",
    "cds_code":"38,684,780,132,241",
    "district":"San Francisco Unified",
    "school":"Brown Jr. (Willie L) Middle",
    "status":"Active",
    "open_date":"2015/08/17 12:00:00 AM",
    "charter_yesno":"false",
    "educational_program_type":"Traditional",
    "entity_type":"Intermediate/Middle Schools (Public)",
    "low_grade":"6",
    "high_grade":"8",
    "public_yesno":"true",
    "website":"No Data",
    "street_address":"2055 Silver Ave.",
    "street_city":"San Francisco",
    "street_state":"CA",
    "street_zip":"94122-2032",
    "phone":"(415) 642-8901",
    "point":"POINT (-122.399692 37.735911)",
    "analysis_neighborhood":"Bayview Hunters Point",
    "supervisor_district":10,
    "data_as_of":"2026/02/03 02:02:06 PM",
    "data_loaded_at":"2026/02/06 02:16:51 PM"
    }
  },
  {
    "type": "Feature",
    "geometry": {
       "type": "Point",
       "coordinates":  [ -122.404906,37.751628 ]
    },
    "properties": {
    "record_type":"School",
    "cds_code":"38,684,786,040,778",
    "district":"San Francisco Unified",
    "school":"Bryant Elementary",
    "status":"Active",
    "open_date":"1980/07/01 12:00:00 AM",
    "charter_yesno":"false",
    "educational_program_type":"Traditional",
    "entity_type":"Elementary Schools (Public)",
    "low_grade":"K",
    "high_grade":"5",
    "public_yesno":"true",
    "website":"No Data",
    "street_address":"2641 25th St.",
    "street_city":"San Francisco",
    "street_state":"CA",
    "street_zip":"94110-3514",
    "phone":"(415) 695-5780",
    "point":"POINT (-122.404906 37.751628)",
    "analysis_neighborhood":"Mission",
    "supervisor_district":9,
    "data_as_of":"2026/02/03 02:02:06 PM",
    "data_loaded_at":"2026/02/06 02:16:51 PM"
    }
  },
  {
    "type": "Feature",
    "geometry": {
       "type": "Point",
       "coordinates":  [ -122.419745,37.753715 ]
    },
    "properties": {
    "record_type":"School",
    "cds_code":"38,684,786,062,046",
    "district":"San Francisco Unified",
    "school":"Buena Vista/ Horace Mann K-8",
    "status":"Active",
    "open_date":"1980/07/01 12:00:00 AM",
    "charter_yesno":"false",
    "educational_program_type":"Traditional",
    "entity_type":"Elementary Schools (Public)",
    "low_grade":"K",
    "high_grade":"8",
    "public_yesno":"true",
    "website":"No Data",
    "street_address":"3351 23rd St.",
    "street_city":"San Francisco",
    "street_state":"CA",
    "street_zip":"94110-3031",
    "phone":"(415) 695-5881",
    "point":"POINT (-122.419745 37.753715)",
    "analysis_neighborhood":"Mission",
    "supervisor_district":9,
    "data_as_of":"2026/02/03 02:02:06 PM",
    "data_loaded_at":"2026/02/06 02:16:51 PM"
    }
  },
  {
    "type": "Feature",
    "geometry": {
       "type": "Point",
       "coordinates":  [ -122.405071,37.720698 ]
    },
    "properties": {
    "record_type":"School",
    "cds_code":"38,684,783,830,254",
    "district":"San Francisco Unified",
    "school":"Burton (Phillip and Sala) Academic High",
    "status":"Active",
    "open_date":"1980/07/01 12:00:00 AM",
    "charter_yesno":"false",
    "educational_program_type":"Traditional",
    "entity_type":"High Schools (Public)",
    "low_grade":"9",
    "high_grade":"12",
    "public_yesno":"true",
    "website":"No Data",
    "street_address":"400 Mansell St.",
    "street_city":"San Francisco",
    "street_state":"CA",
    "street_zip":"94134-1829",
    "phone":"(415) 469-4550",
    "point":"POINT (-122.405071 37.720698)",
    "analysis_neighborhood":"Portola",
    "supervisor_district":9,
    "data_as_of":"2026/02/03 02:02:06 PM",
    "data_loaded_at":"2026/02/06 02:16:51 PM"
    }
  },
  {
    "type": "Feature",
    "geometry": {
       "type": "Point",
       "coordinates":  [ -122.406742,37.775856 ]
    },
    "properties": {
    "record_type":"School",
    "cds_code":"38,684,786,040,752",
    "district":"San Francisco Unified",
    "school":"Carmichael (Bessie)/FEC",
    "status":"Active",
    "open_date":"1980/07/01 12:00:00 AM",
    "charter_yesno":"false",
    "educational_program_type":"Traditional",
    "entity_type":"Elementary Schools (Public)",
    "low_grade":"K",
    "high_grade":"8",
    "public_yesno":"true",
    "website":"No Data",
    "street_address":"375 Seventh St.",
    "street_city":"San Francisco",
    "street_state":"CA",
    "street_zip":"94103-4020",
    "phone":"(415) 355-6916",
    "point":"POINT (-122.406742 37.775856)",
    "analysis_neighborhood":"South of Market",
    "supervisor_district":6,
    "data_as_of":"2026/02/03 02:02:06 PM",
    "data_loaded_at":"2026/02/06 02:16:51 PM"
    }
  },
  {
    "type": "Feature",
    "geometry": {
       "type": "Point",
       "coordinates":  [ -122.386385,37.732403 ]
    },
    "properties": {
    "record_type":"School",
    "cds_code":"38,684,786,093,496",
    "district":"San Francisco Unified",
    "school":"Carver (George Washington) Elementary",
    "status":"Active",
    "open_date":"1980/07/01 12:00:00 AM",
    "charter_yesno":"false",
    "educational_program_type":"Traditional",
    "entity_type":"Elementary Schools (Public)",
    "low_grade":"K",
    "high_grade":"5",
    "public_yesno":"true",
    "website":"No Data",
    "street_address":"1360 Oakdale Ave.",
    "street_city":"San Francisco",
    "street_state":"CA",
    "street_zip":"94124-2724",
    "phone":"(415) 330-1540",
    "point":"POINT (-122.386385 37.732403)",
    "analysis_neighborhood":"Bayview Hunters Point",
    "supervisor_district":10,
    "data_as_of":"2026/02/03 02:02:06 PM",
    "data_loaded_at":"2026/02/06 02:16:51 PM"
    }
  },
  {
    "type": "Feature",
    "geometry": {
       "type": "Point",
       "coordinates":  [ -122.413896,37.792394 ]
    },
    "properties": {
    "record_type":"School",
    "cds_code":"38,684,786,965,586",
    "district":"San Francisco Unified",
    "school":"Cathedral School for Boys",
    "status":"Active",
    "open_date":"1980/07/01 12:00:00 AM",
    "charter_yesno":"false",
    "educational_program_type":"No Data",
    "entity_type":"Elementary School (Private)",
    "low_grade":"K",
    "high_grade":"8",
    "public_yesno":"false",
    "website":"https://www.cathedralschool.net/",
    "street_address":"1275 Sacramento St.",
    "street_city":"San Francisco",
    "street_state":"CA",
    "street_zip":"94108-1910",
    "phone":"(415) 771-6600",
    "point":"POINT (-122.413896 37.792394)",
    "analysis_neighborhood":"Nob Hill",
    "supervisor_district":3,
    "data_as_of":"2026/02/03 02:02:06 PM",
    "data_loaded_at":"2026/02/06 02:16:51 PM"
    }
  },
  {
    "type": "Feature",
    "geometry": {
       "type": "Point",
       "coordinates":  [ -122.415419,37.754880 ]
    },
    "properties": {
    "record_type":"School",
    "cds_code":"38,684,786,041,149",
    "district":"San Francisco Unified",
    "school":"Chavez (Cesar) Elementary",
    "status":"Active",
    "open_date":"1980/07/01 12:00:00 AM",
    "charter_yesno":"false",
    "educational_program_type":"Traditional",
    "entity_type":"Elementary Schools (Public)",
    "low_grade":"K",
    "high_grade":"5",
    "public_yesno":"true",
    "website":"No Data",
    "street_address":"825 Shotwell St.",
    "street_city":"San Francisco",
    "street_state":"CA",
    "street_zip":"94110-3212",
    "phone":"(415) 695-5765",
    "point":"POINT (-122.415419 37.75488)",
    "analysis_neighborhood":"Mission",
    "supervisor_district":9,
    "data_as_of":"2026/02/03 02:02:06 PM",
    "data_loaded_at":"2026/02/06 02:16:51 PM"
    }
  },
  {
    "type": "Feature",
    "geometry": {
       "type": "Point",
       "coordinates":  [ -122.425053,37.763988 ]
    },
    "properties": {
    "record_type":"School",
    "cds_code":"38,684,787,096,514",
    "district":"San Francisco Unified",
    "school":"Children's Day School",
    "status":"Active",
    "open_date":"1980/07/01 12:00:00 AM",
    "charter_yesno":"false",
    "educational_program_type":"No Data",
    "entity_type":"Elementary School (Private)",
    "low_grade":"K",
    "high_grade":"8",
    "public_yesno":"false",
    "website":"www.cds-sf.org",
    "street_address":"333 Dolores St.",
    "street_city":"San Francisco",
    "street_state":"CA",
    "street_zip":"94110-1006",
    "phone":"(415) 861-5432",
    "point":"POINT (-122.425053 37.763988)",
    "analysis_neighborhood":"Mission",
    "supervisor_district":8,
    "data_as_of":"2026/02/03 02:02:06 PM",
    "data_loaded_at":"2026/02/06 02:16:51 PM"
    }
  },
  {
    "type": "Feature",
    "geometry": {
       "type": "Point",
       "coordinates":  [ -122.403175,37.798310 ]
    },
    "properties": {
    "record_type":"School",
    "cds_code":"38,684,786,113,252",
    "district":"San Francisco Unified",
    "school":"Chin (John Yehall) Elementary",
    "status":"Active",
    "open_date":"1995/09/05 12:00:00 AM",
    "charter_yesno":"false",
    "educational_program_type":"Traditional",
    "entity_type":"Elementary Schools (Public)",
    "low_grade":"K",
    "high_grade":"5",
    "public_yesno":"true",
    "website":"No Data",
    "street_address":"350 Broadway St.",
    "street_city":"San Francisco",
    "street_state":"CA",
    "street_zip":"94133-4503",
    "phone":"(415) 291-7946",
    "point":"POINT (-122.403175 37.79831)",
    "analysis_neighborhood":"North Beach",
    "supervisor_district":3,
    "data_as_of":"2026/02/03 02:02:06 PM",
    "data_loaded_at":"2026/02/06 02:16:51 PM"
    }
  },
  {
    "type": "Feature",
    "geometry": {
       "type": "Point",
       "coordinates":  [ -122.473880,37.729205 ]
    },
    "properties": {
    "record_type":"School",
    "cds_code":"38,684,786,168,041",
    "district":"San Francisco Unified",
    "school":"Chinese American International School- 19th Ave Campus",
    "status":"Active",
    "open_date":"2023/09/13 12:00:00 AM",
    "charter_yesno":"false",
    "educational_program_type":"No Data",
    "entity_type":"Elementary School (Private)",
    "low_grade":"K",
    "high_grade":"8",
    "public_yesno":"false",
    "website":"www.cais.org",
    "street_address":"3250 19Th Ave",
    "street_city":"San Francisco",
    "street_state":"CA",
    "street_zip":"94132-2007",
    "phone":"(415) 861-7866",
    "point":"POINT (-122.47388 37.729205)",
    "analysis_neighborhood":"West of Twin Peaks",
    "supervisor_district":7,
    "data_as_of":"2026/02/03 02:02:06 PM",
    "data_loaded_at":"2026/02/06 02:16:51 PM"
    }
  },
  {
    "type": "Feature",
    "geometry": {
       "type": "Point",
       "coordinates":  [ -122.444292,37.769464 ]
    },
    "properties": {
    "record_type":"School",
    "cds_code":"38,684,780,120,386",
    "district":"San Francisco Unified",
    "school":"Chinese Immersion School at DeAvila",
    "status":"Active",
    "open_date":"2009/08/24 12:00:00 AM",
    "charter_yesno":"false",
    "educational_program_type":"Traditional",
    "entity_type":"Elementary Schools (Public)",
    "low_grade":"K",
    "high_grade":"5",
    "public_yesno":"true",
    "website":"www.sfusd.edu",
    "street_address":"1250 Waller St.",
    "street_city":"San Francisco",
    "street_state":"CA",
    "street_zip":"94117-2919",
    "phone":"(415) 241-6325",
    "point":"POINT (-122.444292 37.769464)",
    "analysis_neighborhood":"Haight Ashbury",
    "supervisor_district":5,
    "data_as_of":"2026/02/03 02:02:06 PM",
    "data_loaded_at":"2026/02/06 02:16:51 PM"
    }
  },
  {
    "type": "Feature",
    "geometry": {
       "type": "Point",
       "coordinates":  [ -122.444866,37.721751 ]
    },
    "properties": {
    "record_type":"School",
    "cds_code":"38,684,780,107,300",
    "district":"San Francisco Unified",
    "school":"City Arts & Leadership Academy",
    "status":"Active",
    "open_date":"2004/08/25 12:00:00 AM",
    "charter_yesno":"true",
    "educational_program_type":"Traditional",
    "entity_type":"High Schools (Public)",
    "low_grade":"9",
    "high_grade":"12",
    "public_yesno":"true",
    "website":"www.es-cal.org",
    "street_address":"350 Seneca Ave.",
    "street_city":"San Francisco",
    "street_state":"CA",
    "street_zip":"94112-3248",
    "phone":"(415) 841-8910",
    "point":"POINT (-122.444866 37.721751)",
    "analysis_neighborhood":"Outer Mission",
    "supervisor_district":11,
    "data_as_of":"2026/02/03 02:02:06 PM",
    "data_loaded_at":"2026/02/06 02:16:51 PM"
    }
  },
  {
    "type": "Feature",
    "geometry": {
       "type": "Point",
       "coordinates":  [ -122.456111,37.752989 ]
    },
    "properties": {
    "record_type":"School",
    "cds_code":"38,684,786,040,828",
    "district":"San Francisco Unified",
    "school":"Clarendon Alternative Elementary",
    "status":"Active",
    "open_date":"1980/07/01 12:00:00 AM",
    "charter_yesno":"false",
    "educational_program_type":"Traditional",
    "entity_type":"Elementary Schools (Public)",
    "low_grade":"K",
    "high_grade":"5",
    "public_yesno":"true",
    "website":"No Data",
    "street_address":"500 Clarendon Ave.",
    "street_city":"San Francisco",
    "street_state":"CA",
    "street_zip":"94131-1113",
    "phone":"(415) 759-2796",
    "point":"POINT (-122.456111 37.752989)",
    "analysis_neighborhood":"Inner Sunset",
    "supervisor_district":7,
    "data_as_of":"2026/02/03 02:02:06 PM",
    "data_loaded_at":"2026/02/06 02:16:51 PM"
    }
  },
  {
    "type": "Feature",
    "geometry": {
       "type": "Point",
       "coordinates":  [ -122.429048,37.720733 ]
    },
    "properties": {
    "record_type":"School",
    "cds_code":"38,684,786,040,836",
    "district":"San Francisco Unified",
    "school":"Cleveland Elementary",
    "status":"Active",
    "open_date":"1980/07/01 12:00:00 AM",
    "charter_yesno":"false",
    "educational_program_type":"Traditional",
    "entity_type":"Elementary Schools (Public)",
    "low_grade":"K",
    "high_grade":"5",
    "public_yesno":"true",
    "website":"No Data",
    "street_address":"455 Athens St.",
    "street_city":"San Francisco",
    "street_state":"CA",
    "street_zip":"94112-2801",
    "phone":"(415) 469-4709",
    "point":"POINT (-122.429048 37.720733)",
    "analysis_neighborhood":"Excelsior",
    "supervisor_district":11,
    "data_as_of":"2026/02/03 02:02:06 PM",
    "data_loaded_at":"2026/02/06 02:16:51 PM"
    }
  },
  {
    "type": "Feature",
    "geometry": {
       "type": "Point",
       "coordinates":  [ -122.439189,37.788174 ]
    },
    "properties": {
    "record_type":"School",
    "cds_code":"38,684,786,040,968",
    "district":"San Francisco Unified",
    "school":"Cobb (William L.) Elementary",
    "status":"Active",
    "open_date":"1980/07/01 12:00:00 AM",
    "charter_yesno":"false",
    "educational_program_type":"Traditional",
    "entity_type":"Elementary Schools (Public)",
    "low_grade":"K",
    "high_grade":"5",
    "public_yesno":"true",
    "website":"No Data",
    "street_address":"2725 California St.",
    "street_city":"San Francisco",
    "street_state":"CA",
    "street_zip":"94115-2513",
    "phone":"(415) 749-3505",
    "point":"POINT (-122.439189 37.788174)",
    "analysis_neighborhood":"Pacific Heights",
    "supervisor_district":2,
    "data_as_of":"2026/02/03 02:02:06 PM",
    "data_loaded_at":"2026/02/06 02:16:51 PM"
    }
  },
  {
    "type": "Feature",
    "geometry": {
       "type": "Point",
       "coordinates":  [ -122.434294,37.794657 ]
    },
    "properties": {
    "record_type":"School",
    "cds_code":"38,684,786,158,596",
    "district":"San Francisco Unified",
    "school":"Convent & Stuart Hall, Schools of the Sacred Heart - San Francisco",
    "status":"Active",
    "open_date":"1887/12/30 12:07:00 PM",
    "charter_yesno":"false",
    "educational_program_type":"No Data",
    "entity_type":"K-12 Schools (Private)",
    "low_grade":"K",
    "high_grade":"12",
    "public_yesno":"false",
    "website":"https://www.sacredsf.org",
    "street_address":"2222 BRd.way St",
    "street_city":"San Francisco",
    "street_state":"CA",
    "street_zip":"94115",
    "phone":"(415) 563-2900",
    "point":"POINT (-122.434294 37.794657)",
    "analysis_neighborhood":"Pacific Heights",
    "supervisor_district":2,
    "data_as_of":"2026/02/03 02:02:06 PM",
    "data_loaded_at":"2026/02/06 02:16:51 PM"
    }
  },
  {
    "type": "Feature",
    "geometry": {
       "type": "Point",
       "coordinates":  [ -122.414845,37.800719 ]
    },
    "properties": {
    "record_type":"School",
    "cds_code":"38,684,780,117,507",
    "district":"San Francisco Unified",
    "school":"Cooper (Sarah B.) Children Center",
    "status":"Active",
    "open_date":"2008/06/01 12:00:00 AM",
    "charter_yesno":"false",
    "educational_program_type":"Traditional",
    "entity_type":"Preschool",
    "low_grade":"P",
    "high_grade":"P",
    "public_yesno":"true",
    "website":"No Data",
    "street_address":"940 Filbert St.",
    "street_city":"San Francisco",
    "street_state":"CA",
    "street_zip":"94133-2606",
    "phone":"(415) 749-3550",
    "point":"POINT (-122.414845 37.800719)",
    "analysis_neighborhood":"Russian Hill",
    "supervisor_district":3,
    "data_as_of":"2026/02/03 02:02:06 PM",
    "data_loaded_at":"2026/02/06 02:16:51 PM"
    }
  },
  {
    "type": "Feature",
    "geometry": {
       "type": "Point",
       "coordinates":  [ -122.419485,37.729063 ]
    },
    "properties": {
    "record_type":"School",
    "cds_code":"38,684,786,903,165",
    "district":"San Francisco Unified",
    "school":"Cornerstone Academy-Silver Campus",
    "status":"Active",
    "open_date":"1980/07/01 12:00:00 AM",
    "charter_yesno":"false",
    "educational_program_type":"No Data",
    "entity_type":"K-12 Schools (Private)",
    "low_grade":"K",
    "high_grade":"3",
    "public_yesno":"false",
    "website":"www.cornerstone-academy.net",
    "street_address":"801 Silver Ave.",
    "street_city":"San Francisco",
    "street_state":"CA",
    "street_zip":"94134-1011",
    "phone":"(415) 587-7256",
    "point":"POINT (-122.419485 37.729063)",
    "analysis_neighborhood":"Portola",
    "supervisor_district":9,
    "data_as_of":"2026/02/03 02:02:06 PM",
    "data_loaded_at":"2026/02/06 02:16:51 PM"
    }
  },
  {
    "type": "Feature",
    "geometry": {
       "type": "Point",
       "coordinates":  [ -122.417563,37.724604 ]
    },
    "properties": {
    "record_type":"School",
    "cds_code":"38,684,786,133,763",
    "district":"San Francisco Unified",
    "school":"Cornerstone Academy–Cambridge Campus",
    "status":"Active",
    "open_date":"2008/11/10 12:00:00 AM",
    "charter_yesno":"false",
    "educational_program_type":"No Data",
    "entity_type":"K-12 Schools (Private)",
    "low_grade":"4",
    "high_grade":"8",
    "public_yesno":"false",
    "website":"www.cornerstone-academy.net",
    "street_address":"501 Cambridge St.",
    "street_city":"San Francisco",
    "street_state":"CA",
    "street_zip":"94134-1609",
    "phone":"(415) 585-5183",
    "point":"POINT (-122.417563 37.724604)",
    "analysis_neighborhood":"Portola",
    "supervisor_district":9,
    "data_as_of":"2026/02/03 02:02:06 PM",
    "data_loaded_at":"2026/02/06 02:16:51 PM"
    }
  },
  {
    "type": "Feature",
    "geometry": {
       "type": "Point",
       "coordinates":  [ -122.435434,37.780030 ]
    },
    "properties": {
    "record_type":"School",
    "cds_code":"38,684,786,112,601",
    "district":"San Francisco Unified",
    "school":"Creative Arts Charter",
    "status":"Active",
    "open_date":"1994/09/07 12:00:00 AM",
    "charter_yesno":"true",
    "educational_program_type":"Traditional",
    "entity_type":"Elementary Schools (Public)",
    "low_grade":"K",
    "high_grade":"8",
    "public_yesno":"true",
    "website":"www.creativeartscharter.org",
    "street_address":"1601 Turk St.",
    "street_city":"San Francisco",
    "street_state":"CA",
    "street_zip":"94115-4527",
    "phone":"(415) 749-3509",
    "point":"POINT (-122.435434 37.78003)",
    "analysis_neighborhood":"Western Addition",
    "supervisor_district":5,
    "data_as_of":"2026/02/03 02:02:06 PM",
    "data_loaded_at":"2026/02/06 02:16:51 PM"
    }
  },
  {
    "type": "Feature",
    "geometry": {
       "type": "Point",
       "coordinates":  [ -122.413344,37.781659 ]
    },
    "properties": {
    "record_type":"School",
    "cds_code":"38,684,787,104,466",
    "district":"San Francisco Unified",
    "school":"De Marillac Academy",
    "status":"Active",
    "open_date":"2004/08/12 12:00:00 AM",
    "charter_yesno":"false",
    "educational_program_type":"No Data",
    "entity_type":"Elementary School (Private)",
    "low_grade":"4",
    "high_grade":"8",
    "public_yesno":"false",
    "website":"www.demarillac.org",
    "street_address":"175 Golden Gate Ave.",
    "street_city":"San Francisco",
    "street_state":"CA",
    "street_zip":"94102-3809",
    "phone":"(415) 552-5220",
    "point":"POINT (-122.413344 37.781659)",
    "analysis_neighborhood":"Tenderloin",
    "supervisor_district":5,
    "data_as_of":"2026/02/03 02:02:06 PM",
    "data_loaded_at":"2026/02/06 02:16:51 PM"
    }
  },
  {
    "type": "Feature",
    "geometry": {
       "type": "Point",
       "coordinates":  [ -122.443314,37.721993 ]
    },
    "properties": {
    "record_type":"School",
    "cds_code":"38,684,786,059,869",
    "district":"San Francisco Unified",
    "school":"Denman (James) Middle",
    "status":"Active",
    "open_date":"1980/07/01 12:00:00 AM",
    "charter_yesno":"false",
    "educational_program_type":"Traditional",
    "entity_type":"Intermediate/Middle Schools (Public)",
    "low_grade":"6",
    "high_grade":"8",
    "public_yesno":"true",
    "website":"No Data",
    "street_address":"241 Oneida Ave.",
    "street_city":"San Francisco",
    "street_state":"CA",
    "street_zip":"94112-3228",
    "phone":"(415) 469-4535",
    "point":"POINT (-122.443314 37.721993)",
    "analysis_neighborhood":"Outer Mission",
    "supervisor_district":11,
    "data_as_of":"2026/02/03 02:02:06 PM",
    "data_loaded_at":"2026/02/06 02:16:51 PM"
    }
  },
  {
    "type": "Feature",
    "geometry": {
       "type": "Point",
       "coordinates":  [ -122.412703,37.745905 ]
    },
    "properties": {
    "record_type":"School",
    "cds_code":"38,684,786,158,372",
    "district":"San Francisco Unified",
    "school":"Donum Dei Classical Academy",
    "status":"Active",
    "open_date":"2019/05/13 12:00:00 AM",
    "charter_yesno":"false",
    "educational_program_type":"No Data",
    "entity_type":"Elementary School (Private)",
    "low_grade":"K",
    "high_grade":"8",
    "public_yesno":"false",
    "website":"https://www.donumdei.org/",
    "street_address":"1550 Treat Ave.",
    "street_city":"San Francisco",
    "street_state":"CA",
    "street_zip":"94110-5234",
    "phone":"(415) 874-9631",
    "point":"POINT (-122.412703 37.745905)",
    "analysis_neighborhood":"Bernal Heights",
    "supervisor_district":9,
    "data_as_of":"2026/02/03 02:02:06 PM",
    "data_loaded_at":"2026/02/06 02:16:51 PM"
    }
  },
  {
    "type": "Feature",
    "geometry": {
       "type": "Point",
       "coordinates":  [ -122.404072,37.760939 ]
    },
    "properties": {
    "record_type":"School",
    "cds_code":"38,684,783,830,064",
    "district":"San Francisco Unified",
    "school":"Downtown High",
    "status":"Active",
    "open_date":"1980/07/01 12:00:00 AM",
    "charter_yesno":"false",
    "educational_program_type":"Continuation School",
    "entity_type":"Continuation High Schools",
    "low_grade":"9",
    "high_grade":"12",
    "public_yesno":"true",
    "website":"No Data",
    "street_address":"693 Vermont St.",
    "street_city":"San Francisco",
    "street_state":"CA",
    "street_zip":"94107-2635",
    "phone":"(415) 695-5860",
    "point":"POINT (-122.404072 37.760939)",
    "analysis_neighborhood":"Potrero Hill",
    "supervisor_district":10,
    "data_as_of":"2026/02/03 02:02:06 PM",
    "data_loaded_at":"2026/02/06 02:16:51 PM"
    }
  },
  {
    "type": "Feature",
    "geometry": {
       "type": "Point",
       "coordinates":  [ -122.393550,37.731779 ]
    },
    "properties": {
    "record_type":"School",
    "cds_code":"38,684,786,104,673",
    "district":"San Francisco Unified",
    "school":"Drew (Charles) College Preparatory Academy",
    "status":"Active",
    "open_date":"1980/07/01 12:00:00 AM",
    "charter_yesno":"false",
    "educational_program_type":"Traditional",
    "entity_type":"Elementary Schools (Public)",
    "low_grade":"K",
    "high_grade":"5",
    "public_yesno":"true",
    "website":"No Data",
    "street_address":"50 Pomona Ave.",
    "street_city":"San Francisco",
    "street_state":"CA",
    "street_zip":"94124-2344",
    "phone":"(415) 330-1526",
    "point":"POINT (-122.39355 37.731779)",
    "analysis_neighborhood":"Bayview Hunters Point",
    "supervisor_district":10,
    "data_as_of":"2026/02/03 02:02:06 PM",
    "data_loaded_at":"2026/02/06 02:16:51 PM"
    }
  },
  {
    "type": "Feature",
    "geometry": {
       "type": "Point",
       "coordinates":  [ -122.442530,37.787687 ]
    },
    "properties": {
    "record_type":"School",
    "cds_code":"38,684,786,939,557",
    "district":"San Francisco Unified",
    "school":"Drew School",
    "status":"Active",
    "open_date":"1980/07/01 12:00:00 AM",
    "charter_yesno":"false",
    "educational_program_type":"No Data",
    "entity_type":"High Schools (Private)",
    "low_grade":"9",
    "high_grade":"12",
    "public_yesno":"false",
    "website":"https://www.drewschool.org",
    "street_address":"2901 California St.",
    "street_city":"San Francisco",
    "street_state":"CA",
    "street_zip":"94115-2432",
    "phone":"(415) 409-3739",
    "point":"POINT (-122.44253 37.787687)",
    "analysis_neighborhood":"Pacific Heights",
    "supervisor_district":2,
    "data_as_of":"2026/02/03 02:02:06 PM",
    "data_loaded_at":"2026/02/06 02:16:51 PM"
    }
  },
  {
    "type": "Feature",
    "geometry": {
       "type": "Point",
       "coordinates":  [ -122.415624,37.754645 ]
    },
    "properties": {
    "record_type":"School",
    "cds_code":"38,684,786,170,120",
    "district":"San Francisco Unified",
    "school":"Eclipse Academy",
    "status":"Active",
    "open_date":"2024/08/12 12:00:00 AM",
    "charter_yesno":"false",
    "educational_program_type":"No Data",
    "entity_type":"K-12 Schools (Private)",
    "low_grade":"3",
    "high_grade":"12",
    "public_yesno":"false",
    "website":"https://www.eclipseacademy.com/",
    "street_address":"862 Shotwell St.",
    "street_city":"San Francisco",
    "street_state":"CA",
    "street_zip":"94110-3251",
    "phone":"(415) 779-4110",
    "point":"POINT (-122.415624 37.754645)",
    "analysis_neighborhood":"Mission",
    "supervisor_district":9,
    "data_as_of":"2026/02/03 02:02:06 PM",
    "data_loaded_at":"2026/02/06 02:16:51 PM"
    }
  },
  {
    "type": "Feature",
    "geometry": {
       "type": "Point",
       "coordinates":  [ -122.406709,37.791311 ]
    },
    "properties": {
    "record_type":"School",
    "cds_code":"38,684,786,981,500",
    "district":"San Francisco Unified",
    "school":"Ecole Notre Dame Des Victoires",
    "status":"Active",
    "open_date":"1980/07/01 12:00:00 AM",
    "charter_yesno":"false",
    "educational_program_type":"No Data",
    "entity_type":"Elementary School (Private)",
    "low_grade":"K",
    "high_grade":"8",
    "public_yesno":"false",
    "website":"www.ndvsf.org",
    "street_address":"659 Pine St.",
    "street_city":"San Francisco",
    "street_state":"CA",
    "street_zip":"94108-3210",
    "phone":"(415) 421-0069",
    "point":"POINT (-122.406709 37.791311)",
    "analysis_neighborhood":"Financial District/South Beach",
    "supervisor_district":3,
    "data_as_of":"2026/02/03 02:02:06 PM",
    "data_loaded_at":"2026/02/06 02:16:51 PM"
    }
  },
  {
    "type": "Feature",
    "geometry": {
       "type": "Point",
       "coordinates":  [ -122.486047,37.738609 ]
    },
    "properties": {
    "record_type":"School",
    "cds_code":"38,684,786,908,917",
    "district":"San Francisco Unified",
    "school":"Edgewood Community School",
    "status":"Active",
    "open_date":"1980/07/01 12:00:00 AM",
    "charter_yesno":"false",
    "educational_program_type":"Nonpublic Certified School",
    "entity_type":"K-12 Schools (Private)",
    "low_grade":"9",
    "high_grade":"12",
    "public_yesno":"false",
    "website":"www.edgewood.org",
    "street_address":"1801 Vicente St.",
    "street_city":"San Francisco",
    "street_state":"CA",
    "street_zip":"94116-2923",
    "phone":"(415) 858-2409",
    "point":"POINT (-122.486047 37.738609)",
    "analysis_neighborhood":"Sunset/Parkside",
    "supervisor_district":4,
    "data_as_of":"2026/02/03 02:02:06 PM",
    "data_loaded_at":"2026/02/06 02:16:51 PM"
    }
  },
  {
    "type": "Feature",
    "geometry": {
       "type": "Point",
       "coordinates":  [ -122.406737,37.719265 ]
    },
    "properties": {
    "record_type":"School",
    "cds_code":"38,684,786,040,950",
    "district":"San Francisco Unified",
    "school":"El Dorado Elementary",
    "status":"Active",
    "open_date":"1980/07/01 12:00:00 AM",
    "charter_yesno":"false",
    "educational_program_type":"Traditional",
    "entity_type":"Elementary Schools (Public)",
    "low_grade":"P",
    "high_grade":"5",
    "public_yesno":"true",
    "website":"No Data",
    "street_address":"70 Delta St.",
    "street_city":"San Francisco",
    "street_state":"CA",
    "street_zip":"94134-2145",
    "phone":"(415) 330-1537",
    "point":"POINT (-122.406737 37.719265)",
    "analysis_neighborhood":"McLaren Park",
    "supervisor_district":10,
    "data_as_of":"2026/02/03 02:02:06 PM",
    "data_loaded_at":"2026/02/06 02:16:51 PM"
    }
  },
  {
    "type": "Feature",
    "geometry": {
       "type": "Point",
       "coordinates":  [ -122.406120,37.787767 ]
    },
    "properties": {
    "record_type":"School",
    "cds_code":"38,684,786,170,740",
    "district":"San Francisco Unified",
    "school":"Enlighten Academy",
    "status":"Active",
    "open_date":"2024/10/08 12:00:00 AM",
    "charter_yesno":"false",
    "educational_program_type":"No Data",
    "entity_type":"K-12 Schools (Private)",
    "low_grade":"6",
    "high_grade":"12",
    "public_yesno":"false",
    "website":"No Data",
    "street_address":"166 Geary St. Ste. 1500",
    "street_city":"San Francisco",
    "street_state":"CA",
    "street_zip":"94108-5628",
    "phone":"(510) 788-0455",
    "point":"POINT (-122.40612 37.787767)",
    "analysis_neighborhood":"Financial District/South Beach",
    "supervisor_district":3,
    "data_as_of":"2026/02/03 02:02:06 PM",
    "data_loaded_at":"2026/02/06 02:16:51 PM"
    }
  },
  {
    "type": "Feature",
    "geometry": {
       "type": "Point",
       "coordinates":  [ -122.437008,37.754966 ]
    },
    "properties": {
    "record_type":"School",
    "cds_code":"38,684,787,044,605",
    "district":"San Francisco Unified",
    "school":"Eureka Learning Center",
    "status":"Active",
    "open_date":"1980/07/01 12:00:00 AM",
    "charter_yesno":"false",
    "educational_program_type":"No Data",
    "entity_type":"Kindergartens (Private)",
    "low_grade":"K",
    "high_grade":"K",
    "public_yesno":"false",
    "website":"www.eurekalearningcenter.com",
    "street_address":"464 Diamond St.",
    "street_city":"San Francisco",
    "street_state":"CA",
    "street_zip":"94114-2823",
    "phone":"(415) 648-0380",
    "point":"POINT (-122.437008 37.754966)",
    "analysis_neighborhood":"Noe Valley",
    "supervisor_district":8,
    "data_as_of":"2026/02/03 02:02:06 PM",
    "data_loaded_at":"2026/02/06 02:16:51 PM"
    }
  },
  {
    "type": "Feature",
    "geometry": {
       "type": "Point",
       "coordinates":  [ -122.428581,37.763667 ]
    },
    "properties": {
    "record_type":"School",
    "cds_code":"38,684,786,062,038",
    "district":"San Francisco Unified",
    "school":"Everett Middle",
    "status":"Active",
    "open_date":"1980/07/01 12:00:00 AM",
    "charter_yesno":"false",
    "educational_program_type":"Traditional",
    "entity_type":"Intermediate/Middle Schools (Public)",
    "low_grade":"6",
    "high_grade":"8",
    "public_yesno":"true",
    "website":"No Data",
    "street_address":"450 Church St.",
    "street_city":"San Francisco",
    "street_state":"CA",
    "street_zip":"94114-1721",
    "phone":"(415) 241-6344",
    "point":"POINT (-122.428581 37.763667)",
    "analysis_neighborhood":"Castro/Upper Market",
    "supervisor_district":8,
    "data_as_of":"2026/02/03 02:02:06 PM",
    "data_loaded_at":"2026/02/06 02:16:51 PM"
    }
  },
  {
    "type": "Feature",
    "geometry": {
       "type": "Point",
       "coordinates":  [ -122.481857,37.739964 ]
    },
    "properties": {
    "record_type":"School",
    "cds_code":"38,684,780,111,427",
    "district":"San Francisco Unified",
    "school":"Feinstein (Dianne) Elementary",
    "status":"Active",
    "open_date":"2006/08/28 12:00:00 AM",
    "charter_yesno":"false",
    "educational_program_type":"Traditional",
    "entity_type":"Elementary Schools (Public)",
    "low_grade":"K",
    "high_grade":"5",
    "public_yesno":"true",
    "website":"No Data",
    "street_address":"2550 25th Ave.",
    "street_city":"San Francisco",
    "street_state":"CA",
    "street_zip":"94116-2901",
    "phone":"(415) 615-8460",
    "point":"POINT (-122.481857 37.739964)",
    "analysis_neighborhood":"Sunset/Parkside",
    "supervisor_district":4,
    "data_as_of":"2026/02/03 02:02:06 PM",
    "data_loaded_at":"2026/02/06 02:16:51 PM"
    }
  },
  {
    "type": "Feature",
    "geometry": {
       "type": "Point",
       "coordinates":  [ -122.402165,37.777211 ]
    },
    "properties": {
    "record_type":"School",
    "cds_code":"38,684,780,101,774",
    "district":"San Francisco Unified",
    "school":"Five Keys Charter (SF Sheriff's)",
    "status":"Active",
    "open_date":"2003/09/29 12:00:00 AM",
    "charter_yesno":"true",
    "educational_program_type":"Traditional",
    "entity_type":"High Schools (Public)",
    "low_grade":"9",
    "high_grade":"12",
    "public_yesno":"true",
    "website":"www.fivekeyscharter.org",
    "street_address":"70 Oak Grove St.",
    "street_city":"San Francisco",
    "street_state":"CA",
    "street_zip":"94107-1019",
    "phone":"(415) 734-3310",
    "point":"POINT (-122.402165 37.777211)",
    "analysis_neighborhood":"South of Market",
    "supervisor_district":6,
    "data_as_of":"2026/02/03 02:02:06 PM",
    "data_loaded_at":"2026/02/06 02:16:51 PM"
    }
  },
  {
    "type": "Feature",
    "geometry": {
       "type": "Point",
       "coordinates":  [ -122.402140,37.777170 ]
    },
    "properties": {
    "record_type":"School",
    "cds_code":"38,684,780,118,141",
    "district":"San Francisco Unified",
    "school":"Five Keys Independence HS (SF Sheriff's)",
    "status":"Active",
    "open_date":"2008/09/02 12:00:00 AM",
    "charter_yesno":"true",
    "educational_program_type":"Traditional",
    "entity_type":"High Schools (Public)",
    "low_grade":"9",
    "high_grade":"12",
    "public_yesno":"true",
    "website":"www.fivekeyscharter.org",
    "street_address":"70 Oak Grove",
    "street_city":"San Francisco",
    "street_state":"CA",
    "street_zip":"94107-1019",
    "phone":"(415) 734-3310",
    "point":"POINT (-122.40214 37.77717)",
    "analysis_neighborhood":"South of Market",
    "supervisor_district":6,
    "data_as_of":"2026/02/03 02:02:06 PM",
    "data_loaded_at":"2026/02/06 02:16:51 PM"
    }
  },
  {
    "type": "Feature",
    "geometry": {
       "type": "Point",
       "coordinates":  [ -122.412037,37.748190 ]
    },
    "properties": {
    "record_type":"School",
    "cds_code":"38,684,786,041,347",
    "district":"San Francisco Unified",
    "school":"Flynn (Leonard R.) Elementary",
    "status":"Active",
    "open_date":"1980/07/01 12:00:00 AM",
    "charter_yesno":"false",
    "educational_program_type":"Traditional",
    "entity_type":"Elementary Schools (Public)",
    "low_grade":"K",
    "high_grade":"5",
    "public_yesno":"true",
    "website":"No Data",
    "street_address":"3125 Cesar Chavez St.",
    "street_city":"San Francisco",
    "street_state":"CA",
    "street_zip":"94110-4722",
    "phone":"(415) 695-5770",
    "point":"POINT (-122.412037 37.74819)",
    "analysis_neighborhood":"Bernal Heights",
    "supervisor_district":9,
    "data_as_of":"2026/02/03 02:02:06 PM",
    "data_loaded_at":"2026/02/06 02:16:51 PM"
    }
  },
  {
    "type": "Feature",
    "geometry": {
       "type": "Point",
       "coordinates":  [ -122.411689,37.804816 ]
    },
    "properties": {
    "record_type":"School",
    "cds_code":"38,684,786,059,844",
    "district":"San Francisco Unified",
    "school":"Francisco Middle",
    "status":"Active",
    "open_date":"1980/07/01 12:00:00 AM",
    "charter_yesno":"false",
    "educational_program_type":"Traditional",
    "entity_type":"Intermediate/Middle Schools (Public)",
    "low_grade":"6",
    "high_grade":"8",
    "public_yesno":"true",
    "website":"No Data",
    "street_address":"2190 Powell St.",
    "street_city":"San Francisco",
    "street_state":"CA",
    "street_zip":"94133-1949",
    "phone":"(415) 291-7900",
    "point":"POINT (-122.411689 37.804816)",
    "analysis_neighborhood":"North Beach",
    "supervisor_district":3,
    "data_as_of":"2026/02/03 02:02:06 PM",
    "data_loaded_at":"2026/02/06 02:16:51 PM"
    }
  },
  {
    "type": "Feature",
    "geometry": {
       "type": "Point",
       "coordinates":  [ -122.401438,37.801789 ]
    },
    "properties": {
    "record_type":"School",
    "cds_code":"38,684,786,143,440",
    "district":"San Francisco Unified",
    "school":"Fusion Academy San Francisco",
    "status":"Active",
    "open_date":"2012/04/07 12:00:00 AM",
    "charter_yesno":"false",
    "educational_program_type":"No Data",
    "entity_type":"K-12 Schools (Private)",
    "low_grade":"6",
    "high_grade":"12",
    "public_yesno":"false",
    "website":"https://www.fusionacademy.com/campuses/san-francisco/",
    "street_address":"1160 Battery St. Ste. 40",
    "street_city":"San Francisco",
    "street_state":"CA",
    "street_zip":"94111-1215",
    "phone":"(415) 765-9078",
    "point":"POINT (-122.401438 37.801789)",
    "analysis_neighborhood":"Financial District/South Beach",
    "supervisor_district":3,
    "data_as_of":"2026/02/03 02:02:06 PM",
    "data_loaded_at":"2026/02/06 02:16:51 PM"
    }
  },
  {
    "type": "Feature",
    "geometry": {
       "type": "Point",
       "coordinates":  [ -122.424082,37.803401 ]
    },
    "properties": {
    "record_type":"School",
    "cds_code":"38,684,783,831,765",
    "district":"San Francisco Unified",
    "school":"Galileo High",
    "status":"Active",
    "open_date":"1980/07/01 12:00:00 AM",
    "charter_yesno":"false",
    "educational_program_type":"Traditional",
    "entity_type":"High Schools (Public)",
    "low_grade":"9",
    "high_grade":"12",
    "public_yesno":"true",
    "website":"No Data",
    "street_address":"1150 Francisco St.",
    "street_city":"San Francisco",
    "street_state":"CA",
    "street_zip":"94109-1004",
    "phone":"(415) 749-3430",
    "point":"POINT (-122.424082 37.803401)",
    "analysis_neighborhood":"Russian Hill",
    "supervisor_district":2,
    "data_as_of":"2026/02/03 02:02:06 PM",
    "data_loaded_at":"2026/02/06 02:16:51 PM"
    }
  },
  {
    "type": "Feature",
    "geometry": {
       "type": "Point",
       "coordinates":  [ -122.406734,37.801800 ]
    },
    "properties": {
    "record_type":"School",
    "cds_code":"38,684,786,041,040",
    "district":"San Francisco Unified",
    "school":"Garfield Elementary",
    "status":"Active",
    "open_date":"1980/07/01 12:00:00 AM",
    "charter_yesno":"false",
    "educational_program_type":"Traditional",
    "entity_type":"Elementary Schools (Public)",
    "low_grade":"K",
    "high_grade":"5",
    "public_yesno":"true",
    "website":"No Data",
    "street_address":"420 Filbert St.",
    "street_city":"San Francisco",
    "street_state":"CA",
    "street_zip":"94133-3002",
    "phone":"(415) 291-7924",
    "point":"POINT (-122.406734 37.8018)",
    "analysis_neighborhood":"North Beach",
    "supervisor_district":3,
    "data_as_of":"2026/02/03 02:02:06 PM",
    "data_loaded_at":"2026/02/06 02:16:51 PM"
    }
  },
  {
    "type": "Feature",
    "geometry": {
       "type": "Point",
       "coordinates":  [ -122.437739,37.783129 ]
    },
    "properties": {
    "record_type":"School",
    "cds_code":"38,684,783,830,437",
    "district":"San Francisco Unified",
    "school":"Gateway High",
    "status":"Active",
    "open_date":"1998/08/31 12:00:00 AM",
    "charter_yesno":"true",
    "educational_program_type":"Traditional",
    "entity_type":"High Schools (Public)",
    "low_grade":"9",
    "high_grade":"12",
    "public_yesno":"true",
    "website":"www.gatewayhigh.org",
    "street_address":"1430 Scott St.",
    "street_city":"San Francisco",
    "street_state":"CA",
    "street_zip":"94115-3510",
    "phone":"(415) 749-3600",
    "point":"POINT (-122.437739 37.783129)",
    "analysis_neighborhood":"Western Addition",
    "supervisor_district":5,
    "data_as_of":"2026/02/03 02:02:06 PM",
    "data_loaded_at":"2026/02/06 02:16:51 PM"
    }
  },
  {
    "type": "Feature",
    "geometry": {
       "type": "Point",
       "coordinates":  [ -122.436008,37.779439 ]
    },
    "properties": {
    "record_type":"School",
    "cds_code":"38,684,780,123,265",
    "district":"San Francisco Unified",
    "school":"Gateway Middle",
    "status":"Active",
    "open_date":"2011/08/11 12:00:00 AM",
    "charter_yesno":"true",
    "educational_program_type":"Traditional",
    "entity_type":"Intermediate/Middle Schools (Public)",
    "low_grade":"6",
    "high_grade":"8",
    "public_yesno":"true",
    "website":"www.gatewaymiddle.org",
    "street_address":"1512 Golden Gate Ave.",
    "street_city":"San Francisco",
    "street_state":"CA",
    "street_zip":"94115-4515",
    "phone":"(415) 922-1001",
    "point":"POINT (-122.436008 37.779439)",
    "analysis_neighborhood":"Western Addition",
    "supervisor_district":5,
    "data_as_of":"2026/02/03 02:02:06 PM",
    "data_loaded_at":"2026/02/06 02:16:51 PM"
    }
  },
  {
    "type": "Feature",
    "geometry": {
       "type": "Point",
       "coordinates":  [ -122.436904,37.760246 ]
    },
    "properties": {
    "record_type":"School",
    "cds_code":"38,684,786,162,549",
    "district":"San Francisco Unified",
    "school":"German International School of Silicon Valley",
    "status":"Active",
    "open_date":"2021/11/16 12:00:00 AM",
    "charter_yesno":"false",
    "educational_program_type":"No Data",
    "entity_type":"Elementary School (Private)",
    "low_grade":"K",
    "high_grade":"12",
    "public_yesno":"false",
    "website":"gissv.org",
    "street_address":"117 Diamond St.",
    "street_city":"San Francisco",
    "street_state":"CA",
    "street_zip":"94114-2413",
    "phone":"(650) 254-0748",
    "point":"POINT (-122.436904 37.760246)",
    "analysis_neighborhood":"Castro/Upper Market",
    "supervisor_district":8,
    "data_as_of":"2026/02/03 02:02:06 PM",
    "data_loaded_at":"2026/02/06 02:16:51 PM"
    }
  },
  {
    "type": "Feature",
    "geometry": {
       "type": "Point",
       "coordinates":  [ -122.497022,37.751425 ]
    },
    "properties": {
    "record_type":"School",
    "cds_code":"38,684,786,059,828",
    "district":"San Francisco Unified",
    "school":"Giannini (A.P.) Middle",
    "status":"Active",
    "open_date":"1980/07/01 12:00:00 AM",
    "charter_yesno":"false",
    "educational_program_type":"Traditional",
    "entity_type":"Intermediate/Middle Schools (Public)",
    "low_grade":"6",
    "high_grade":"8",
    "public_yesno":"true",
    "website":"No Data",
    "street_address":"3151 Ortega St.",
    "street_city":"San Francisco",
    "street_state":"CA",
    "street_zip":"94122-4051",
    "phone":"(415) 759-2770",
    "point":"POINT (-122.497022 37.751425)",
    "analysis_neighborhood":"Sunset/Parkside",
    "supervisor_district":4,
    "data_as_of":"2026/02/03 02:02:06 PM",
    "data_loaded_at":"2026/02/06 02:16:51 PM"
    }
  },
  {
    "type": "Feature",
    "geometry": {
       "type": "Point",
       "coordinates":  [ -122.436088,37.733107 ]
    },
    "properties": {
    "record_type":"School",
    "cds_code":"38,684,786,041,073",
    "district":"San Francisco Unified",
    "school":"Glen Park Elementary",
    "status":"Active",
    "open_date":"1980/07/01 12:00:00 AM",
    "charter_yesno":"false",
    "educational_program_type":"Traditional",
    "entity_type":"Elementary Schools (Public)",
    "low_grade":"K",
    "high_grade":"5",
    "public_yesno":"true",
    "website":"No Data",
    "street_address":"151 Lippard Ave.",
    "street_city":"San Francisco",
    "street_state":"CA",
    "street_zip":"94131-3249",
    "phone":"(415) 469-4713",
    "point":"POINT (-122.436088 37.733107)",
    "analysis_neighborhood":"West of Twin Peaks",
    "supervisor_district":8,
    "data_as_of":"2026/02/03 02:02:06 PM",
    "data_loaded_at":"2026/02/06 02:16:51 PM"
    }
  },
  {
    "type": "Feature",
    "geometry": {
       "type": "Point",
       "coordinates":  [ -122.450526,37.763858 ]
    },
    "properties": {
    "record_type":"School",
    "cds_code":"38,684,786,041,115",
    "district":"San Francisco Unified",
    "school":"Grattan Elementary",
    "status":"Active",
    "open_date":"1980/07/01 12:00:00 AM",
    "charter_yesno":"false",
    "educational_program_type":"Traditional",
    "entity_type":"Elementary Schools (Public)",
    "low_grade":"K",
    "high_grade":"5",
    "public_yesno":"true",
    "website":"No Data",
    "street_address":"165 Grattan St.",
    "street_city":"San Francisco",
    "street_state":"CA",
    "street_zip":"94117-4208",
    "phone":"(415) 759-2815",
    "point":"POINT (-122.450526 37.763858)",
    "analysis_neighborhood":"Haight Ashbury",
    "supervisor_district":8,
    "data_as_of":"2026/02/03 02:02:06 PM",
    "data_loaded_at":"2026/02/06 02:16:51 PM"
    }
  },
  {
    "type": "Feature",
    "geometry": {
       "type": "Point",
       "coordinates":  [ -122.434416,37.710438 ]
    },
    "properties": {
    "record_type":"School",
    "cds_code":"38,684,786,041,123",
    "district":"San Francisco Unified",
    "school":"Guadalupe Elementary",
    "status":"Active",
    "open_date":"1980/07/01 12:00:00 AM",
    "charter_yesno":"false",
    "educational_program_type":"Traditional",
    "entity_type":"Elementary Schools (Public)",
    "low_grade":"K",
    "high_grade":"5",
    "public_yesno":"true",
    "website":"No Data",
    "street_address":"859 Prague St.",
    "street_city":"San Francisco",
    "street_state":"CA",
    "street_zip":"94112-4516",
    "phone":"(415) 469-4718",
    "point":"POINT (-122.434416 37.710438)",
    "analysis_neighborhood":"Excelsior",
    "supervisor_district":11,
    "data_as_of":"2026/02/03 02:02:06 PM",
    "data_loaded_at":"2026/02/06 02:16:51 PM"
    }
  },
  {
    "type": "Feature",
    "geometry": {
       "type": "Point",
       "coordinates":  [ -122.388897,37.718610 ]
    },
    "properties": {
    "record_type":"School",
    "cds_code":"38,684,786,040,760",
    "district":"San Francisco Unified",
    "school":"Harte (Bret) Elementary",
    "status":"Active",
    "open_date":"1980/07/01 12:00:00 AM",
    "charter_yesno":"false",
    "educational_program_type":"Traditional",
    "entity_type":"Elementary Schools (Public)",
    "low_grade":"K",
    "high_grade":"5",
    "public_yesno":"true",
    "website":"No Data",
    "street_address":"1035 Gilman Ave.",
    "street_city":"San Francisco",
    "street_state":"CA",
    "street_zip":"94124-3710",
    "phone":"(415) 330-1520",
    "point":"POINT (-122.388897 37.71861)",
    "analysis_neighborhood":"Bayview Hunters Point",
    "supervisor_district":10,
    "data_as_of":"2026/02/03 02:02:06 PM",
    "data_loaded_at":"2026/02/06 02:16:51 PM"
    }
  },
  {
    "type": "Feature",
    "geometry": {
       "type": "Point",
       "coordinates":  [ -122.388876,37.733772 ]
    },
    "properties": {
    "record_type":"School",
    "cds_code":"38,684,780,117,564",
    "district":"San Francisco Unified",
    "school":"Havard (Leola M.) Early Education",
    "status":"Active",
    "open_date":"2008/06/01 12:00:00 AM",
    "charter_yesno":"false",
    "educational_program_type":"Traditional",
    "entity_type":"Preschool",
    "low_grade":"P",
    "high_grade":"P",
    "public_yesno":"true",
    "website":"No Data",
    "street_address":"1520 Oakdale Ave.",
    "street_city":"San Francisco",
    "street_state":"CA",
    "street_zip":"94124-2323",
    "phone":"(415) 695-5660",
    "point":"POINT (-122.388876 37.733772)",
    "analysis_neighborhood":"Bayview Hunters Point",
    "supervisor_district":10,
    "data_as_of":"2026/02/03 02:02:06 PM",
    "data_loaded_at":"2026/02/06 02:16:51 PM"
    }
  },
  {
    "type": "Feature",
    "geometry": {
       "type": "Point",
       "coordinates":  [ -122.419248,37.729026 ]
    },
    "properties": {
    "record_type":"School",
    "cds_code":"38,684,786,041,156",
    "district":"San Francisco Unified",
    "school":"Hillcrest Elementary",
    "status":"Active",
    "open_date":"1980/07/01 12:00:00 AM",
    "charter_yesno":"false",
    "educational_program_type":"Traditional",
    "entity_type":"Elementary Schools (Public)",
    "low_grade":"K",
    "high_grade":"5",
    "public_yesno":"true",
    "website":"No Data",
    "street_address":"810 Silver Ave.",
    "street_city":"San Francisco",
    "street_state":"CA",
    "street_zip":"94134-1012",
    "phone":"(415) 469-4722",
    "point":"POINT (-122.419248 37.729026)",
    "analysis_neighborhood":"Excelsior",
    "supervisor_district":9,
    "data_as_of":"2026/02/03 02:02:06 PM",
    "data_loaded_at":"2026/02/06 02:16:51 PM"
    }
  },
  {
    "type": "Feature",
    "geometry": {
       "type": "Point",
       "coordinates":  [ -122.440119,37.793323 ]
    },
    "properties": {
    "record_type":"School",
    "cds_code":"38,684,786,939,607",
    "district":"San Francisco Unified",
    "school":"Hillwood Academic Day",
    "status":"Active",
    "open_date":"1980/07/01 12:00:00 AM",
    "charter_yesno":"false",
    "educational_program_type":"No Data",
    "entity_type":"Elementary School (Private)",
    "low_grade":"K",
    "high_grade":"8",
    "public_yesno":"false",
    "website":"hillwoodschool.com",
    "street_address":"2521 Scott St.",
    "street_city":"San Francisco",
    "street_state":"CA",
    "street_zip":"94115-1137",
    "phone":"(415) 931-0400",
    "point":"POINT (-122.440119 37.793323)",
    "analysis_neighborhood":"Pacific Heights",
    "supervisor_district":2,
    "data_as_of":"2026/02/03 02:02:06 PM",
    "data_loaded_at":"2026/02/06 02:16:51 PM"
    }
  },
  {
    "type": "Feature",
    "geometry": {
       "type": "Point",
       "coordinates":  [ -122.498388,37.757809 ]
    },
    "properties": {
    "record_type":"School",
    "cds_code":"38,684,786,981,278",
    "district":"San Francisco Unified",
    "school":"Holy Name Elementary",
    "status":"Active",
    "open_date":"1980/07/01 12:00:00 AM",
    "charter_yesno":"false",
    "educational_program_type":"No Data",
    "entity_type":"Elementary School (Private)",
    "low_grade":"K",
    "high_grade":"8",
    "public_yesno":"false",
    "website":"www.holynamesf.com",
    "street_address":"1560 40th Ave.",
    "street_city":"San Francisco",
    "street_state":"CA",
    "street_zip":"94122-3030",
    "phone":"(415) 731-4077",
    "point":"POINT (-122.498388 37.757809)",
    "analysis_neighborhood":"Sunset/Parkside",
    "supervisor_district":4,
    "data_as_of":"2026/02/03 02:02:06 PM",
    "data_loaded_at":"2026/02/06 02:16:51 PM"
    }
  },
  {
    "type": "Feature",
    "geometry": {
       "type": "Point",
       "coordinates":  [ -122.470310,37.745350 ]
    },
    "properties": {
    "record_type":"School",
    "cds_code":"38,684,786,059,851",
    "district":"San Francisco Unified",
    "school":"Hoover (Herbert) Middle",
    "status":"Active",
    "open_date":"1980/07/01 12:00:00 AM",
    "charter_yesno":"false",
    "educational_program_type":"Traditional",
    "entity_type":"Intermediate/Middle Schools (Public)",
    "low_grade":"6",
    "high_grade":"8",
    "public_yesno":"true",
    "website":"No Data",
    "street_address":"2290 14th Ave.",
    "street_city":"San Francisco",
    "street_state":"CA",
    "street_zip":"94116-1841",
    "phone":"(415) 759-2783",
    "point":"POINT (-122.47031 37.74535)",
    "analysis_neighborhood":"West of Twin Peaks",
    "supervisor_district":7,
    "data_as_of":"2026/02/03 02:02:06 PM",
    "data_loaded_at":"2026/02/06 02:16:51 PM"
    }
  },
  {
    "type": "Feature",
    "geometry": {
       "type": "Point",
       "coordinates":  [ -122.425596,37.740659 ]
    },
    "properties": {
    "record_type":"School",
    "cds_code":"38,684,786,040,984",
    "district":"San Francisco Unified",
    "school":"Huerta (Dolores) Elementary",
    "status":"Active",
    "open_date":"1980/07/01 12:00:00 AM",
    "charter_yesno":"false",
    "educational_program_type":"Traditional",
    "entity_type":"Elementary Schools (Public)",
    "low_grade":"K",
    "high_grade":"5",
    "public_yesno":"true",
    "website":"No Data",
    "street_address":"65 Chenery St.",
    "street_city":"San Francisco",
    "street_state":"CA",
    "street_zip":"94131-2706",
    "phone":"(415) 695-5669",
    "point":"POINT (-122.425596 37.740659)",
    "analysis_neighborhood":"Glen Park",
    "supervisor_district":8,
    "data_as_of":"2026/02/03 02:02:06 PM",
    "data_loaded_at":"2026/02/06 02:16:51 PM"
    }
  },
  {
    "type": "Feature",
    "geometry": {
       "type": "Point",
       "coordinates":  [ -122.423527,37.751858 ]
    },
    "properties": {
    "record_type":"School",
    "cds_code":"38,684,786,939,615",
    "district":"San Francisco Unified",
    "school":"ICA Cristo Rey Academy",
    "status":"Active",
    "open_date":"1980/07/01 12:00:00 AM",
    "charter_yesno":"false",
    "educational_program_type":"No Data",
    "entity_type":"High Schools (Private)",
    "low_grade":"9",
    "high_grade":"12",
    "public_yesno":"false",
    "website":"https://www.icacristorey.org/",
    "street_address":"3625 24th St.",
    "street_city":"San Francisco",
    "street_state":"CA",
    "street_zip":"94110-3607",
    "phone":"(415) 824-2052",
    "point":"POINT (-122.423527 37.751858)",
    "analysis_neighborhood":"Mission",
    "supervisor_district":8,
    "data_as_of":"2026/02/03 02:02:06 PM",
    "data_loaded_at":"2026/02/06 02:16:51 PM"
    }
  },
  {
    "type": "Feature",
    "geometry": {
       "type": "Point",
       "coordinates":  [ -122.463826,37.763243 ]
    },
    "properties": {
    "record_type":"School",
    "cds_code":"38,684,783,830,197",
    "district":"San Francisco Unified",
    "school":"Independence High",
    "status":"Active",
    "open_date":"1980/07/01 12:00:00 AM",
    "charter_yesno":"false",
    "educational_program_type":"Alternative School of Choice",
    "entity_type":"Alternative Schools of Choice",
    "low_grade":"9",
    "high_grade":"12",
    "public_yesno":"true",
    "website":"No Data",
    "street_address":"1350 7th Ave.",
    "street_city":"San Francisco",
    "street_state":"CA",
    "street_zip":"94122-2508",
    "phone":"(415) 242-2528",
    "point":"POINT (-122.463826 37.763243)",
    "analysis_neighborhood":"Inner Sunset",
    "supervisor_district":7,
    "data_as_of":"2026/02/03 02:02:06 PM",
    "data_loaded_at":"2026/02/06 02:16:51 PM"
    }
  },
  {
    "type": "Feature",
    "geometry": {
       "type": "Point",
       "coordinates":  [ -122.476359,37.763555 ]
    },
    "properties": {
    "record_type":"School",
    "cds_code":"38,684,786,041,230",
    "district":"San Francisco Unified",
    "school":"Jefferson Elementary",
    "status":"Active",
    "open_date":"1980/07/01 12:00:00 AM",
    "charter_yesno":"false",
    "educational_program_type":"Traditional",
    "entity_type":"Elementary Schools (Public)",
    "low_grade":"K",
    "high_grade":"5",
    "public_yesno":"true",
    "website":"No Data",
    "street_address":"1725 Irving St.",
    "street_city":"San Francisco",
    "street_state":"CA",
    "street_zip":"94122-1893",
    "phone":"(415) 759-2821",
    "point":"POINT (-122.476359 37.763555)",
    "analysis_neighborhood":"Inner Sunset",
    "supervisor_district":7,
    "data_as_of":"2026/02/03 02:02:06 PM",
    "data_loaded_at":"2026/02/06 02:16:51 PM"
    }
  },
  {
    "type": "Feature",
    "geometry": {
       "type": "Point",
       "coordinates":  [ -122.436417,37.781426 ]
    },
    "properties": {
    "record_type":"School",
    "cds_code":"38,684,786,200,554",
    "district":"San Francisco Unified",
    "school":"Jewish Community High School of the Bay",
    "status":"Active",
    "open_date":"2004/08/12 12:00:00 AM",
    "charter_yesno":"false",
    "educational_program_type":"No Data",
    "entity_type":"High Schools (Private)",
    "low_grade":"9",
    "high_grade":"12",
    "public_yesno":"false",
    "website":"www.jchsofthebay.org",
    "street_address":"1835 Ellis St.",
    "street_city":"San Francisco",
    "street_state":"CA",
    "street_zip":"94115-4003",
    "phone":"(415) 345-9777",
    "point":"POINT (-122.436417 37.781426)",
    "analysis_neighborhood":"Western Addition",
    "supervisor_district":5,
    "data_as_of":"2026/02/03 02:02:06 PM",
    "data_loaded_at":"2026/02/06 02:16:51 PM"
    }
  },
  {
    "type": "Feature",
    "geometry": {
       "type": "Point",
       "coordinates":  [ -122.425502,37.719997 ]
    },
    "properties": {
    "record_type":"School",
    "cds_code":"38,684,780,102,103",
    "district":"San Francisco Unified",
    "school":"Jordan (June) School for Equity",
    "status":"Active",
    "open_date":"2003/08/25 12:00:00 AM",
    "charter_yesno":"false",
    "educational_program_type":"Alternative School of Choice",
    "entity_type":"Alternative Schools of Choice",
    "low_grade":"9",
    "high_grade":"12",
    "public_yesno":"true",
    "website":"www.sfusd.edu",
    "street_address":"325 La Grande Ave.",
    "street_city":"San Francisco",
    "street_state":"CA",
    "street_zip":"94112-2866",
    "phone":"(415) 452-4922",
    "point":"POINT (-122.425502 37.719997)",
    "analysis_neighborhood":"McLaren Park",
    "supervisor_district":11,
    "data_as_of":"2026/02/03 02:02:06 PM",
    "data_loaded_at":"2026/02/06 02:16:51 PM"
    }
  },
  {
    "type": "Feature",
    "geometry": {
       "type": "Point",
       "coordinates":  [ -122.492742,37.776063 ]
    },
    "properties": {
    "record_type":"School",
    "cds_code":"38,684,786,146,344",
    "district":"San Francisco Unified",
    "school":"Kahlon Family Services School",
    "status":"Active",
    "open_date":"2020/11/05 12:00:00 AM",
    "charter_yesno":"false",
    "educational_program_type":"No Data",
    "entity_type":"Elementary School (Private)",
    "low_grade":"K",
    "high_grade":"5",
    "public_yesno":"false",
    "website":"https://www.kfsschool.org/",
    "street_address":"3140 Balboa St.",
    "street_city":"San Francisco",
    "street_state":"CA",
    "street_zip":"94121-2730",
    "phone":"(415) 525-4035",
    "point":"POINT (-122.492742 37.776063)",
    "analysis_neighborhood":"Outer Richmond",
    "supervisor_district":1,
    "data_as_of":"2026/02/03 02:02:06 PM",
    "data_loaded_at":"2026/02/06 02:16:51 PM"
    }
  },
  {
    "type": "Feature",
    "geometry": {
       "type": "Point",
       "coordinates":  [ -122.492867,37.783557 ]
    },
    "properties": {
    "record_type":"School",
    "cds_code":"38,684,786,981,328",
    "district":"San Francisco Unified",
    "school":"Katherine Delmar Burke School",
    "status":"Active",
    "open_date":"1980/07/01 12:00:00 AM",
    "charter_yesno":"false",
    "educational_program_type":"No Data",
    "entity_type":"Elementary School (Private)",
    "low_grade":"K",
    "high_grade":"8",
    "public_yesno":"false",
    "website":"www.burkes.org",
    "street_address":"7070 California St.",
    "street_city":"San Francisco",
    "street_state":"CA",
    "street_zip":"94121-1710",
    "phone":"(415) 751-0177",
    "point":"POINT (-122.492867 37.783557)",
    "analysis_neighborhood":"Seacliff",
    "supervisor_district":1,
    "data_as_of":"2026/02/03 02:02:06 PM",
    "data_loaded_at":"2026/02/06 02:16:51 PM"
    }
  },
  {
    "type": "Feature",
    "geometry": {
       "type": "Point",
       "coordinates":  [ -122.422421,37.749812 ]
    },
    "properties": {
    "record_type":"School",
    "cds_code":"38,684,786,130,090",
    "district":"San Francisco Unified",
    "school":"Katherine Michiels School",
    "status":"Active",
    "open_date":"2005/05/24 12:00:00 AM",
    "charter_yesno":"false",
    "educational_program_type":"No Data",
    "entity_type":"Elementary School (Private)",
    "low_grade":"K",
    "high_grade":"5",
    "public_yesno":"false",
    "website":"www.kmsofsf.org",
    "street_address":"1335 Guerrero St.",
    "street_city":"San Francisco",
    "street_state":"CA",
    "street_zip":"94110-3622",
    "phone":"(415) 821-0130",
    "point":"POINT (-122.422421 37.749812)",
    "analysis_neighborhood":"Mission",
    "supervisor_district":8,
    "data_as_of":"2026/02/03 02:02:06 PM",
    "data_loaded_at":"2026/02/06 02:16:51 PM"
    }
  },
  {
    "type": "Feature",
    "geometry": {
       "type": "Point",
       "coordinates":  [ -122.502495,37.758154 ]
    },
    "properties": {
    "record_type":"School",
    "cds_code":"38,684,786,041,008",
    "district":"San Francisco Unified",
    "school":"Key (Francis Scott) Elementary",
    "status":"Active",
    "open_date":"1980/07/01 12:00:00 AM",
    "charter_yesno":"false",
    "educational_program_type":"Traditional",
    "entity_type":"Elementary Schools (Public)",
    "low_grade":"K",
    "high_grade":"5",
    "public_yesno":"true",
    "website":"No Data",
    "street_address":"1530 43rd Ave.",
    "street_city":"San Francisco",
    "street_state":"CA",
    "street_zip":"94122-2925",
    "phone":"(415) 759-2811",
    "point":"POINT (-122.502495 37.758154)",
    "analysis_neighborhood":"Sunset/Parkside",
    "supervisor_district":4,
    "data_as_of":"2026/02/03 02:02:06 PM",
    "data_loaded_at":"2026/02/06 02:16:51 PM"
    }
  },
  {
    "type": "Feature",
    "geometry": {
       "type": "Point",
       "coordinates":  [ -122.399351,37.752765 ]
    },
    "properties": {
    "record_type":"School",
    "cds_code":"38,684,786,041,602",
    "district":"San Francisco Unified",
    "school":"King (Thomas Starr) Elementary",
    "status":"Active",
    "open_date":"1980/07/01 12:00:00 AM",
    "charter_yesno":"false",
    "educational_program_type":"Traditional",
    "entity_type":"Elementary Schools (Public)",
    "low_grade":"K",
    "high_grade":"5",
    "public_yesno":"true",
    "website":"No Data",
    "street_address":"1215 Carolina St.",
    "street_city":"San Francisco",
    "street_state":"CA",
    "street_zip":"94107-3322",
    "phone":"(415) 695-5797",
    "point":"POINT (-122.399351 37.752765)",
    "analysis_neighborhood":"Potrero Hill",
    "supervisor_district":10,
    "data_as_of":"2026/02/03 02:02:06 PM",
    "data_loaded_at":"2026/02/06 02:16:51 PM"
    }
  },
  {
    "type": "Feature",
    "geometry": {
       "type": "Point",
       "coordinates":  [ -122.404917,37.727948 ]
    },
    "properties": {
    "record_type":"School",
    "cds_code":"38,684,786,059,885",
    "district":"San Francisco Unified",
    "school":"King Jr. (Martin Luther) Academic Middle",
    "status":"Active",
    "open_date":"1980/07/01 12:00:00 AM",
    "charter_yesno":"false",
    "educational_program_type":"Traditional",
    "entity_type":"Intermediate/Middle Schools (Public)",
    "low_grade":"6",
    "high_grade":"8",
    "public_yesno":"true",
    "website":"No Data",
    "street_address":"350 Girard St.",
    "street_city":"San Francisco",
    "street_state":"CA",
    "street_zip":"94134-1469",
    "phone":"(415) 330-1500",
    "point":"POINT (-122.404917 37.727948)",
    "analysis_neighborhood":"Portola",
    "supervisor_district":9,
    "data_as_of":"2026/02/03 02:02:06 PM",
    "data_loaded_at":"2026/02/06 02:16:51 PM"
    }
  },
  {
    "type": "Feature",
    "geometry": {
       "type": "Point",
       "coordinates":  [ -122.396374,37.719520 ]
    },
    "properties": {
    "record_type":"School",
    "cds_code":"38,684,780,101,337",
    "district":"San Francisco Unified",
    "school":"KIPP Bayview Academy",
    "status":"Active",
    "open_date":"2003/07/16 12:00:00 AM",
    "charter_yesno":"true",
    "educational_program_type":"Traditional",
    "entity_type":"Intermediate/Middle Schools (Public)",
    "low_grade":"5",
    "high_grade":"8",
    "public_yesno":"true",
    "website":"http://sfbay.kippnorcal.org/",
    "street_address":"1060 Key Ave.",
    "street_city":"San Francisco",
    "street_state":"CA",
    "street_zip":"94124-3563",
    "phone":"(415) 467-2522",
    "point":"POINT (-122.396374 37.71952)",
    "analysis_neighborhood":"Bayview Hunters Point",
    "supervisor_district":10,
    "data_as_of":"2026/02/03 02:02:06 PM",
    "data_loaded_at":"2026/02/06 02:16:51 PM"
    }
  },
  {
    "type": "Feature",
    "geometry": {
       "type": "Point",
       "coordinates":  [ -122.437590,37.783165 ]
    },
    "properties": {
    "record_type":"School",
    "cds_code":"38,684,780,101,352",
    "district":"San Francisco Unified",
    "school":"KIPP San Francisco Bay Academy",
    "status":"Active",
    "open_date":"2003/08/26 12:00:00 AM",
    "charter_yesno":"true",
    "educational_program_type":"Traditional",
    "entity_type":"Intermediate/Middle Schools (Public)",
    "low_grade":"5",
    "high_grade":"8",
    "public_yesno":"true",
    "website":"https://sfbay.kippnorcal.org/",
    "street_address":"1430 Scott St., Third Fl.",
    "street_city":"San Francisco",
    "street_state":"CA",
    "street_zip":"94115-3510",
    "phone":"(415) 440-4306",
    "point":"POINT (-122.43759 37.783165)",
    "analysis_neighborhood":"Western Addition",
    "supervisor_district":5,
    "data_as_of":"2026/02/03 02:02:06 PM",
    "data_loaded_at":"2026/02/06 02:16:51 PM"
    }
  },
  {
    "type": "Feature",
    "geometry": {
       "type": "Point",
       "coordinates":  [ -122.382356,37.732378 ]
    },
    "properties": {
    "record_type":"School",
    "cds_code":"38,684,780,127,530",
    "district":"San Francisco Unified",
    "school":"KIPP San Francisco College Preparatory",
    "status":"Active",
    "open_date":"2013/08/12 12:00:00 AM",
    "charter_yesno":"true",
    "educational_program_type":"Traditional",
    "entity_type":"High Schools (Public)",
    "low_grade":"9",
    "high_grade":"12",
    "public_yesno":"true",
    "website":"http://sfcollegeprep.kippnorcal.org/",
    "street_address":"1195 Hudson Ave.",
    "street_city":"San Francisco",
    "street_state":"CA",
    "street_zip":"94124-2488",
    "phone":"(415) 643-6951",
    "point":"POINT (-122.382356 37.732378)",
    "analysis_neighborhood":"Bayview Hunters Point",
    "supervisor_district":10,
    "data_as_of":"2026/02/03 02:02:06 PM",
    "data_loaded_at":"2026/02/06 02:16:51 PM"
    }
  },
  {
    "type": "Feature",
    "geometry": {
       "type": "Point",
       "coordinates":  [ -122.484956,37.785544 ]
    },
    "properties": {
    "record_type":"School",
    "cds_code":"38,684,786,981,336",
    "district":"San Francisco Unified",
    "school":"Kittredge School",
    "status":"Active",
    "open_date":"1980/07/01 12:00:00 AM",
    "charter_yesno":"false",
    "educational_program_type":"No Data",
    "entity_type":"Elementary School (Private)",
    "low_grade":"K",
    "high_grade":"8",
    "public_yesno":"false",
    "website":"www.kittredge.org",
    "street_address":"2355 Lake St",
    "street_city":"San Francisco",
    "street_state":"CA",
    "street_zip":"94121-1228",
    "phone":"(415) 750-8390",
    "point":"POINT (-122.484956 37.785544)",
    "analysis_neighborhood":"Outer Richmond",
    "supervisor_district":1,
    "data_as_of":"2026/02/03 02:02:06 PM",
    "data_loaded_at":"2026/02/06 02:16:51 PM"
    }
  },
  {
    "type": "Feature",
    "geometry": {
       "type": "Point",
       "coordinates":  [ -122.478318,37.713841 ]
    },
    "properties": {
    "record_type":"School",
    "cds_code":"38,684,786,913,123",
    "district":"San Francisco Unified",
    "school":"KZV Armenian School",
    "status":"Active",
    "open_date":"1980/07/01 12:00:00 AM",
    "charter_yesno":"false",
    "educational_program_type":"No Data",
    "entity_type":"Elementary School (Private)",
    "low_grade":"K",
    "high_grade":"8",
    "public_yesno":"false",
    "website":"www.kzv.org",
    "street_address":"825 Brotherhood Way",
    "street_city":"San Francisco",
    "street_state":"CA",
    "street_zip":"94132-2903",
    "phone":"(415) 586-8686",
    "point":"POINT (-122.478318 37.713841)",
    "analysis_neighborhood":"Lakeshore",
    "supervisor_district":7,
    "data_as_of":"2026/02/03 02:02:06 PM",
    "data_loaded_at":"2026/02/06 02:16:51 PM"
    }
  },
  {
    "type": "Feature",
    "geometry": {
       "type": "Point",
       "coordinates":  [ -122.416331,37.762291 ]
    },
    "properties": {
    "record_type":"School",
    "cds_code":"38,684,786,144,257",
    "district":"San Francisco Unified",
    "school":"La Scuola International School",
    "status":"Active",
    "open_date":"2013/01/10 12:00:00 AM",
    "charter_yesno":"false",
    "educational_program_type":"No Data",
    "entity_type":"Elementary School (Private)",
    "low_grade":"K",
    "high_grade":"8",
    "public_yesno":"false",
    "website":"lascuolasf.org",
    "street_address":"3250 18Th St.",
    "street_city":"San Francisco",
    "street_state":"CA",
    "street_zip":"94110-1919",
    "phone":"(415) 551-0000",
    "point":"POINT (-122.416331 37.762291)",
    "analysis_neighborhood":"Mission",
    "supervisor_district":9,
    "data_as_of":"2026/02/03 02:02:06 PM",
    "data_loaded_at":"2026/02/06 02:16:51 PM"
    }
  },
  {
    "type": "Feature",
    "geometry": {
       "type": "Point",
       "coordinates":  [ -122.496889,37.777608 ]
    },
    "properties": {
    "record_type":"School",
    "cds_code":"38,684,786,041,305",
    "district":"San Francisco Unified",
    "school":"Lafayette Elementary",
    "status":"Active",
    "open_date":"1980/07/01 12:00:00 AM",
    "charter_yesno":"false",
    "educational_program_type":"Traditional",
    "entity_type":"Elementary Schools (Public)",
    "low_grade":"K",
    "high_grade":"5",
    "public_yesno":"true",
    "website":"No Data",
    "street_address":"4545 Anza St.",
    "street_city":"San Francisco",
    "street_state":"CA",
    "street_zip":"94121-2621",
    "phone":"(415) 750-8483",
    "point":"POINT (-122.496889 37.777608)",
    "analysis_neighborhood":"Outer Richmond",
    "supervisor_district":1,
    "data_as_of":"2026/02/03 02:02:06 PM",
    "data_loaded_at":"2026/02/06 02:16:51 PM"
    }
  },
  {
    "type": "Feature",
    "geometry": {
       "type": "Point",
       "coordinates":  [ -122.486151,37.730603 ]
    },
    "properties": {
    "record_type":"School",
    "cds_code":"38,684,786,041,321",
    "district":"San Francisco Unified",
    "school":"Lakeshore Alternative Elementary",
    "status":"Active",
    "open_date":"1980/07/01 12:00:00 AM",
    "charter_yesno":"false",
    "educational_program_type":"Traditional",
    "entity_type":"Elementary Schools (Public)",
    "low_grade":"K",
    "high_grade":"5",
    "public_yesno":"true",
    "website":"No Data",
    "street_address":"220 Middlefield Dr.",
    "street_city":"San Francisco",
    "street_state":"CA",
    "street_zip":"94132-1418",
    "phone":"(415) 759-2825",
    "point":"POINT (-122.486151 37.730603)",
    "analysis_neighborhood":"Lakeshore",
    "supervisor_district":4,
    "data_as_of":"2026/02/03 02:02:06 PM",
    "data_loaded_at":"2026/02/06 02:16:51 PM"
    }
  },
  {
    "type": "Feature",
    "geometry": {
       "type": "Point",
       "coordinates":  [ -122.475199,37.730728 ]
    },
    "properties": {
    "record_type":"School",
    "cds_code":"38,684,786,906,176",
    "district":"San Francisco Unified",
    "school":"Lakeside Presbyterian Center for Children",
    "status":"Active",
    "open_date":"1980/07/01 12:00:00 AM",
    "charter_yesno":"false",
    "educational_program_type":"No Data",
    "entity_type":"Kindergartens (Private)",
    "low_grade":"K",
    "high_grade":"K",
    "public_yesno":"false",
    "website":"http://www.lakesidechildrencenter.org",
    "street_address":"201 Eucalyptus Dr",
    "street_city":"San Francisco",
    "street_state":"CA",
    "street_zip":"94132-1514",
    "phone":"(415) 564-5044",
    "point":"POINT (-122.475199 37.730728)",
    "analysis_neighborhood":"Lakeshore",
    "supervisor_district":4,
    "data_as_of":"2026/02/03 02:02:06 PM",
    "data_loaded_at":"2026/02/06 02:16:51 PM"
    }
  },
  {
    "type": "Feature",
    "geometry": {
       "type": "Point",
       "coordinates":  [ -122.412659,37.757128 ]
    },
    "properties": {
    "record_type":"School",
    "cds_code":"38,684,780,117,580",
    "district":"San Francisco Unified",
    "school":"Las Americas Children Center",
    "status":"Active",
    "open_date":"2008/06/01 12:00:00 AM",
    "charter_yesno":"false",
    "educational_program_type":"Traditional",
    "entity_type":"Preschool",
    "low_grade":"P",
    "high_grade":"P",
    "public_yesno":"true",
    "website":"No Data",
    "street_address":"801 Treat Ave.",
    "street_city":"San Francisco",
    "street_state":"CA",
    "street_zip":"94110-2723",
    "phone":"(415) 695-5746",
    "point":"POINT (-122.412659 37.757128)",
    "analysis_neighborhood":"Mission",
    "supervisor_district":9,
    "data_as_of":"2026/02/03 02:02:06 PM",
    "data_loaded_at":"2026/02/06 02:16:51 PM"
    }
  },
  {
    "type": "Feature",
    "geometry": {
       "type": "Point",
       "coordinates":  [ -122.408687,37.793981 ]
    },
    "properties": {
    "record_type":"School",
    "cds_code":"38,684,786,040,877",
    "district":"San Francisco Unified",
    "school":"Lau (Gordon J.) Elementary",
    "status":"Active",
    "open_date":"1980/07/01 12:00:00 AM",
    "charter_yesno":"false",
    "educational_program_type":"Traditional",
    "entity_type":"Elementary Schools (Public)",
    "low_grade":"K",
    "high_grade":"5",
    "public_yesno":"true",
    "website":"No Data",
    "street_address":"950 Clay St.",
    "street_city":"San Francisco",
    "street_state":"CA",
    "street_zip":"94108-1521",
    "phone":"(415) 291-7921",
    "point":"POINT (-122.408687 37.793981)",
    "analysis_neighborhood":"Chinatown",
    "supervisor_district":3,
    "data_as_of":"2026/02/03 02:02:06 PM",
    "data_loaded_at":"2026/02/06 02:16:51 PM"
    }
  },
  {
    "type": "Feature",
    "geometry": {
       "type": "Point",
       "coordinates":  [ -122.373248,37.729029 ]
    },
    "properties": {
    "record_type":"School",
    "cds_code":"38,684,786,170,278",
    "district":"San Francisco Unified",
    "school":"Lavenia Rochelle Academy",
    "status":"Active",
    "open_date":"2024/08/28 12:00:00 AM",
    "charter_yesno":"false",
    "educational_program_type":"No Data",
    "entity_type":"K-12 Schools (Private)",
    "low_grade":"K",
    "high_grade":"12",
    "public_yesno":"false",
    "website":"No Data",
    "street_address":"724 Kirkwood Ave.",
    "street_city":"San Francisco",
    "street_state":"CA",
    "street_zip":"94124-2881",
    "phone":"(415) 888-7269",
    "point":"POINT (-122.373248 37.729029)",
    "analysis_neighborhood":"Bayview Hunters Point",
    "supervisor_district":10,
    "data_as_of":"2026/02/03 02:02:06 PM",
    "data_loaded_at":"2026/02/06 02:16:51 PM"
    }
  },
  {
    "type": "Feature",
    "geometry": {
       "type": "Point",
       "coordinates":  [ -122.489587,37.757952 ]
    },
    "properties": {
    "record_type":"School",
    "cds_code":"38,684,786,041,339",
    "district":"San Francisco Unified",
    "school":"Lawton Alternative",
    "status":"Active",
    "open_date":"1980/07/01 12:00:00 AM",
    "charter_yesno":"false",
    "educational_program_type":"Traditional",
    "entity_type":"Elementary Schools (Public)",
    "low_grade":"K",
    "high_grade":"8",
    "public_yesno":"true",
    "website":"No Data",
    "street_address":"1570 31st Ave.",
    "street_city":"San Francisco",
    "street_state":"CA",
    "street_zip":"94122-3104",
    "phone":"(415) 759-2832",
    "point":"POINT (-122.489587 37.757952)",
    "analysis_neighborhood":"Sunset/Parkside",
    "supervisor_district":4,
    "data_as_of":"2026/02/03 02:02:06 PM",
    "data_loaded_at":"2026/02/06 02:16:51 PM"
    }
  },
  {
    "type": "Feature",
    "geometry": {
       "type": "Point",
       "coordinates":  [ -122.404146,37.794905 ]
    },
    "properties": {
    "record_type":"School",
    "cds_code":"38,684,786,089,569",
    "district":"San Francisco Unified",
    "school":"Lee (Edwin and Anita) Newcomer",
    "status":"Active",
    "open_date":"1980/07/01 12:00:00 AM",
    "charter_yesno":"false",
    "educational_program_type":"Traditional",
    "entity_type":"Elementary Schools (Public)",
    "low_grade":"K",
    "high_grade":"5",
    "public_yesno":"true",
    "website":"No Data",
    "street_address":"657 Merchant St.",
    "street_city":"San Francisco",
    "street_state":"CA",
    "street_zip":"94111-2505",
    "phone":"(415) 291-7918",
    "point":"POINT (-122.404146 37.794905)",
    "analysis_neighborhood":"Chinatown",
    "supervisor_district":3,
    "data_as_of":"2026/02/03 02:02:06 PM",
    "data_loaded_at":"2026/02/06 02:16:51 PM"
    }
  },
  {
    "type": "Feature",
    "geometry": {
       "type": "Point",
       "coordinates":  [ -122.431754,37.749543 ]
    },
    "properties": {
    "record_type":"School",
    "cds_code":"38,684,786,062,053",
    "district":"San Francisco Unified",
    "school":"Lick (James) Middle",
    "status":"Active",
    "open_date":"1980/07/01 12:00:00 AM",
    "charter_yesno":"false",
    "educational_program_type":"Traditional",
    "entity_type":"Intermediate/Middle Schools (Public)",
    "low_grade":"6",
    "high_grade":"8",
    "public_yesno":"true",
    "website":"No Data",
    "street_address":"1220 Noe St.",
    "street_city":"San Francisco",
    "street_state":"CA",
    "street_zip":"94114-3714",
    "phone":"(415) 695-5675",
    "point":"POINT (-122.431754 37.749543)",
    "analysis_neighborhood":"Noe Valley",
    "supervisor_district":8,
    "data_as_of":"2026/02/03 02:02:06 PM",
    "data_loaded_at":"2026/02/06 02:16:51 PM"
    }
  },
  {
    "type": "Feature",
    "geometry": {
       "type": "Point",
       "coordinates":  [ -122.449131,37.722188 ]
    },
    "properties": {
    "record_type":"School",
    "cds_code":"38,684,786,939,649",
    "district":"San Francisco Unified",
    "school":"Lick-Wilmerding High School",
    "status":"Active",
    "open_date":"1980/07/01 12:00:00 AM",
    "charter_yesno":"false",
    "educational_program_type":"No Data",
    "entity_type":"High Schools (Private)",
    "low_grade":"9",
    "high_grade":"12",
    "public_yesno":"false",
    "website":"www.lwhs.org",
    "street_address":"755 Ocean Ave.",
    "street_city":"San Francisco",
    "street_state":"CA",
    "street_zip":"94112-1856",
    "phone":"(415) 333-4021",
    "point":"POINT (-122.449131 37.722188)",
    "analysis_neighborhood":"Oceanview/Merced/Ingleside",
    "supervisor_district":11,
    "data_as_of":"2026/02/03 02:02:06 PM",
    "data_loaded_at":"2026/02/06 02:16:51 PM"
    }
  },
  {
    "type": "Feature",
    "geometry": {
       "type": "Point",
       "coordinates":  [ -122.404797,37.770910 ]
    },
    "properties": {
    "record_type":"School",
    "cds_code":"38,684,783,830,429",
    "district":"San Francisco Unified",
    "school":"Life Learning Academy Charter",
    "status":"Active",
    "open_date":"1998/09/14 12:00:00 AM",
    "charter_yesno":"true",
    "educational_program_type":"Traditional",
    "entity_type":"High Schools (Public)",
    "low_grade":"9",
    "high_grade":"12",
    "public_yesno":"true",
    "website":"www.llasf.org",
    "street_address":"651 Eighth St., Bldg. 229 Treasure Island",
    "street_city":"San Francisco",
    "street_state":"CA",
    "street_zip":"94130-1901",
    "phone":"(415) 397-8957",
    "point":"POINT (-122.404797 37.77091)",
    "analysis_neighborhood":"South of Market",
    "supervisor_district":6,
    "data_as_of":"2026/02/03 02:02:06 PM",
    "data_loaded_at":"2026/02/06 02:16:51 PM"
    }
  },
  {
    "type": "Feature",
    "geometry": {
       "type": "Point",
       "coordinates":  [ -122.443502,37.803192 ]
    },
    "properties": {
    "record_type":"School",
    "cds_code":"38,684,786,102,479",
    "district":"San Francisco Unified",
    "school":"Lilienthal (Claire) Elementary",
    "status":"Active",
    "open_date":"1980/07/01 12:00:00 AM",
    "charter_yesno":"false",
    "educational_program_type":"Traditional",
    "entity_type":"Elementary Schools (Public)",
    "low_grade":"K",
    "high_grade":"8",
    "public_yesno":"true",
    "website":"No Data",
    "street_address":"3630 Divisadero St.",
    "street_city":"San Francisco",
    "street_state":"CA",
    "street_zip":"94123-1411",
    "phone":"(415) 749-3516",
    "point":"POINT (-122.443502 37.803192)",
    "analysis_neighborhood":"Marina",
    "supervisor_district":2,
    "data_as_of":"2026/02/03 02:02:06 PM",
    "data_loaded_at":"2026/02/06 02:16:51 PM"
    }
  },
  {
    "type": "Feature",
    "geometry": {
       "type": "Point",
       "coordinates":  [ -122.481322,37.747259 ]
    },
    "properties": {
    "record_type":"School",
    "cds_code":"38,684,783,833,241",
    "district":"San Francisco Unified",
    "school":"Lincoln (Abraham) High",
    "status":"Active",
    "open_date":"1980/07/01 12:00:00 AM",
    "charter_yesno":"false",
    "educational_program_type":"Traditional",
    "entity_type":"High Schools (Public)",
    "low_grade":"9",
    "high_grade":"12",
    "public_yesno":"true",
    "website":"No Data",
    "street_address":"2162 24th Ave.",
    "street_city":"San Francisco",
    "street_state":"CA",
    "street_zip":"94116-1723",
    "phone":"(415) 759-2700",
    "point":"POINT (-122.481322 37.747259)",
    "analysis_neighborhood":"Sunset/Parkside",
    "supervisor_district":4,
    "data_as_of":"2026/02/03 02:02:06 PM",
    "data_loaded_at":"2026/02/06 02:16:51 PM"
    }
  },
  {
    "type": "Feature",
    "geometry": {
       "type": "Point",
       "coordinates":  [ -122.399525,37.763600 ]
    },
    "properties": {
    "record_type":"School",
    "cds_code":"38,684,786,981,377",
    "district":"San Francisco Unified",
    "school":"Live Oak School",
    "status":"Active",
    "open_date":"1980/07/01 12:00:00 AM",
    "charter_yesno":"false",
    "educational_program_type":"No Data",
    "entity_type":"Elementary School (Private)",
    "low_grade":"K",
    "high_grade":"8",
    "public_yesno":"false",
    "website":"No Data",
    "street_address":"1555 Mariposa St.",
    "street_city":"San Francisco",
    "street_state":"CA",
    "street_zip":"94107-2333",
    "phone":"(415) 861-8840",
    "point":"POINT (-122.399525 37.7636)",
    "analysis_neighborhood":"Potrero Hill",
    "supervisor_district":10,
    "data_as_of":"2026/02/03 02:02:06 PM",
    "data_loaded_at":"2026/02/06 02:16:51 PM"
    }
  },
  {
    "type": "Feature",
    "geometry": {
       "type": "Point",
       "coordinates":  [ -122.447692,37.710460 ]
    },
    "properties": {
    "record_type":"School",
    "cds_code":"38,684,786,041,362",
    "district":"San Francisco Unified",
    "school":"Longfellow Elementary",
    "status":"Active",
    "open_date":"1980/07/01 12:00:00 AM",
    "charter_yesno":"false",
    "educational_program_type":"Traditional",
    "entity_type":"Elementary Schools (Public)",
    "low_grade":"K",
    "high_grade":"5",
    "public_yesno":"true",
    "website":"No Data",
    "street_address":"755 Morse St.",
    "street_city":"San Francisco",
    "street_state":"CA",
    "street_zip":"94112-4223",
    "phone":"(415) 469-4730",
    "point":"POINT (-122.447692 37.71046)",
    "analysis_neighborhood":"Excelsior",
    "supervisor_district":11,
    "data_as_of":"2026/02/03 02:02:06 PM",
    "data_loaded_at":"2026/02/06 02:16:51 PM"
    }
  },
  {
    "type": "Feature",
    "geometry": {
       "type": "Point",
       "coordinates":  [ -122.483559,37.731044 ]
    },
    "properties": {
    "record_type":"School",
    "cds_code":"38,684,783,833,407",
    "district":"San Francisco Unified",
    "school":"Lowell High",
    "status":"Active",
    "open_date":"1980/07/01 12:00:00 AM",
    "charter_yesno":"false",
    "educational_program_type":"Traditional",
    "entity_type":"High Schools (Public)",
    "low_grade":"9",
    "high_grade":"12",
    "public_yesno":"true",
    "website":"No Data",
    "street_address":"1101 Eucalyptus Dr.",
    "street_city":"San Francisco",
    "street_state":"CA",
    "street_zip":"94132-1401",
    "phone":"(415) 759-2730",
    "point":"POINT (-122.483559 37.731044)",
    "analysis_neighborhood":"Lakeshore",
    "supervisor_district":4,
    "data_as_of":"2026/02/03 02:02:06 PM",
    "data_loaded_at":"2026/02/06 02:16:51 PM"
    }
  },
  {
    "type": "Feature",
    "geometry": {
       "type": "Point",
       "coordinates":  [ -122.446841,37.768064 ]
    },
    "properties": {
    "record_type":"School",
    "cds_code":"38,684,786,146,369",
    "district":"San Francisco Unified",
    "school":"Lycee Francais de San Francisco (Ashbury)",
    "status":"Active",
    "open_date":"2014/02/26 12:00:00 AM",
    "charter_yesno":"false",
    "educational_program_type":"No Data",
    "entity_type":"Elementary School (Private)",
    "low_grade":"K",
    "high_grade":"5",
    "public_yesno":"false",
    "website":"https://www.lelycee.org/",
    "street_address":"755 Ashbury St.",
    "street_city":"San Francisco",
    "street_state":"CA",
    "street_zip":"94117-4013",
    "phone":"(415) 213-7623",
    "point":"POINT (-122.446841 37.768064)",
    "analysis_neighborhood":"Haight Ashbury",
    "supervisor_district":5,
    "data_as_of":"2026/02/03 02:02:06 PM",
    "data_loaded_at":"2026/02/06 02:16:51 PM"
    }
  },
  {
    "type": "Feature",
    "geometry": {
       "type": "Point",
       "coordinates":  [ -122.476479,37.751894 ]
    },
    "properties": {
    "record_type":"School",
    "cds_code":"38,684,786,939,664",
    "district":"San Francisco Unified",
    "school":"Lycee Francais de San Francisco (Ortega)",
    "status":"Active",
    "open_date":"1980/07/01 12:00:00 AM",
    "charter_yesno":"false",
    "educational_program_type":"No Data",
    "entity_type":"K-12 Schools (Private)",
    "low_grade":"6",
    "high_grade":"12",
    "public_yesno":"false",
    "website":"https://www.lelycee.org/",
    "street_address":"1201 Ortega St.",
    "street_city":"San Francisco",
    "street_state":"CA",
    "street_zip":"94122-4411",
    "phone":"(415) 213-7623",
    "point":"POINT (-122.476479 37.751894)",
    "analysis_neighborhood":"Sunset/Parkside",
    "supervisor_district":4,
    "data_as_of":"2026/02/03 02:02:06 PM",
    "data_loaded_at":"2026/02/06 02:16:51 PM"
    }
  },
  {
    "type": "Feature",
    "geometry": {
       "type": "Point",
       "coordinates":  [ -122.428001,37.755547 ]
    },
    "properties": {
    "record_type":"School",
    "cds_code":"38,684,780,117,572",
    "district":"San Francisco Unified",
    "school":"Mahler (Theresa S.) Children Center",
    "status":"Active",
    "open_date":"2008/06/01 12:00:00 AM",
    "charter_yesno":"false",
    "educational_program_type":"Traditional",
    "entity_type":"Preschool",
    "low_grade":"P",
    "high_grade":"P",
    "public_yesno":"true",
    "website":"No Data",
    "street_address":"990 Church St.",
    "street_city":"San Francisco",
    "street_state":"CA",
    "street_zip":"94114-3044",
    "phone":"(415) 695-5871",
    "point":"POINT (-122.428001 37.755547)",
    "analysis_neighborhood":"Noe Valley",
    "supervisor_district":8,
    "data_as_of":"2026/02/03 02:02:06 PM",
    "data_loaded_at":"2026/02/06 02:16:51 PM"
    }
  },
  {
    "type": "Feature",
    "geometry": {
       "type": "Point",
       "coordinates":  [ -122.380617,37.733734 ]
    },
    "properties": {
    "record_type":"School",
    "cds_code":"38,684,786,041,586",
    "district":"San Francisco Unified",
    "school":"Malcolm X Academy",
    "status":"Active",
    "open_date":"1980/07/01 12:00:00 AM",
    "charter_yesno":"false",
    "educational_program_type":"Traditional",
    "entity_type":"Elementary Schools (Public)",
    "low_grade":"K",
    "high_grade":"5",
    "public_yesno":"true",
    "website":"No Data",
    "street_address":"350 Harbor Rd.",
    "street_city":"San Francisco",
    "street_state":"CA",
    "street_zip":"94124-2474",
    "phone":"(415) 695-5950",
    "point":"POINT (-122.380617 37.733734)",
    "analysis_neighborhood":"Bayview Hunters Point",
    "supervisor_district":10,
    "data_as_of":"2026/02/03 02:02:06 PM",
    "data_loaded_at":"2026/02/06 02:16:51 PM"
    }
  },
  {
    "type": "Feature",
    "geometry": {
       "type": "Point",
       "coordinates":  [ -122.436360,37.801671 ]
    },
    "properties": {
    "record_type":"School",
    "cds_code":"38,684,786,062,061",
    "district":"San Francisco Unified",
    "school":"Marina Middle",
    "status":"Active",
    "open_date":"1980/07/01 12:00:00 AM",
    "charter_yesno":"false",
    "educational_program_type":"Traditional",
    "entity_type":"Intermediate/Middle Schools (Public)",
    "low_grade":"6",
    "high_grade":"8",
    "public_yesno":"true",
    "website":"No Data",
    "street_address":"3500 Fillmore St.",
    "street_city":"San Francisco",
    "street_state":"CA",
    "street_zip":"94123-2103",
    "phone":"(415) 749-3495",
    "point":"POINT (-122.43636 37.801671)",
    "analysis_neighborhood":"Marina",
    "supervisor_district":2,
    "data_as_of":"2026/02/03 02:02:06 PM",
    "data_loaded_at":"2026/02/06 02:16:51 PM"
    }
  },
  {
    "type": "Feature",
    "geometry": {
       "type": "Point",
       "coordinates":  [ -122.401881,37.735717 ]
    },
    "properties": {
    "record_type":"School",
    "cds_code":"38,684,783,830,403",
    "district":"San Francisco Unified",
    "school":"Marshall (Thurgood) High",
    "status":"Active",
    "open_date":"1994/09/07 12:00:00 AM",
    "charter_yesno":"false",
    "educational_program_type":"Traditional",
    "entity_type":"High Schools (Public)",
    "low_grade":"8",
    "high_grade":"12",
    "public_yesno":"true",
    "website":"No Data",
    "street_address":"45 Conkling St.",
    "street_city":"San Francisco",
    "street_state":"CA",
    "street_zip":"94124-1931",
    "phone":"(415) 695-5612",
    "point":"POINT (-122.401881 37.735717)",
    "analysis_neighborhood":"Bayview Hunters Point",
    "supervisor_district":10,
    "data_as_of":"2026/02/03 02:02:06 PM",
    "data_loaded_at":"2026/02/06 02:16:51 PM"
    }
  },
  {
    "type": "Feature",
    "geometry": {
       "type": "Point",
       "coordinates":  [ -122.419099,37.766679 ]
    },
    "properties": {
    "record_type":"School",
    "cds_code":"38,684,786,041,412",
    "district":"San Francisco Unified",
    "school":"Marshall Elementary",
    "status":"Active",
    "open_date":"1980/07/01 12:00:00 AM",
    "charter_yesno":"false",
    "educational_program_type":"Traditional",
    "entity_type":"Elementary Schools (Public)",
    "low_grade":"K",
    "high_grade":"5",
    "public_yesno":"true",
    "website":"No Data",
    "street_address":"1575 15th St.",
    "street_city":"San Francisco",
    "street_state":"CA",
    "street_zip":"94103-3639",
    "phone":"(415) 241-6280",
    "point":"POINT (-122.419099 37.766679)",
    "analysis_neighborhood":"Mission",
    "supervisor_district":9,
    "data_as_of":"2026/02/03 02:02:06 PM",
    "data_loaded_at":"2026/02/06 02:16:51 PM"
    }
  },
  {
    "type": "Feature",
    "geometry": {
       "type": "Point",
       "coordinates":  [ -122.464018,37.776283 ]
    },
    "properties": {
    "record_type":"School",
    "cds_code":"38,684,786,041,016",
    "district":"San Francisco Unified",
    "school":"McCoppin (Frank) Elementary",
    "status":"Active",
    "open_date":"1980/07/01 12:00:00 AM",
    "charter_yesno":"false",
    "educational_program_type":"Traditional",
    "entity_type":"Elementary Schools (Public)",
    "low_grade":"K",
    "high_grade":"5",
    "public_yesno":"true",
    "website":"No Data",
    "street_address":"651 Sixth Ave.",
    "street_city":"San Francisco",
    "street_state":"CA",
    "street_zip":"94118-3804",
    "phone":"(415) 750-8475",
    "point":"POINT (-122.464018 37.776283)",
    "analysis_neighborhood":"Inner Richmond",
    "supervisor_district":1,
    "data_as_of":"2026/02/03 02:02:06 PM",
    "data_loaded_at":"2026/02/06 02:16:51 PM"
    }
  },
  {
    "type": "Feature",
    "geometry": {
       "type": "Point",
       "coordinates":  [ -122.436594,37.767229 ]
    },
    "properties": {
    "record_type":"School",
    "cds_code":"38,684,786,041,420",
    "district":"San Francisco Unified",
    "school":"McKinley Elementary",
    "status":"Active",
    "open_date":"1980/07/01 12:00:00 AM",
    "charter_yesno":"false",
    "educational_program_type":"Traditional",
    "entity_type":"Elementary Schools (Public)",
    "low_grade":"K",
    "high_grade":"5",
    "public_yesno":"true",
    "website":"No Data",
    "street_address":"1025 14th St.",
    "street_city":"San Francisco",
    "street_state":"CA",
    "street_zip":"94114-1221",
    "phone":"(415) 241-6300",
    "point":"POINT (-122.436594 37.767229)",
    "analysis_neighborhood":"Castro/Upper Market",
    "supervisor_district":8,
    "data_as_of":"2026/02/03 02:02:06 PM",
    "data_loaded_at":"2026/02/06 02:16:51 PM"
    }
  },
  {
    "type": "Feature",
    "geometry": {
       "type": "Point",
       "coordinates":  [ -122.421911,37.713557 ]
    },
    "properties": {
    "record_type":"School",
    "cds_code":"38,684,780,117,531",
    "district":"San Francisco Unified",
    "school":"McLaren (John) Children Centers",
    "status":"Active",
    "open_date":"2008/06/01 12:00:00 AM",
    "charter_yesno":"false",
    "educational_program_type":"Traditional",
    "entity_type":"Preschool",
    "low_grade":"P",
    "high_grade":"P",
    "public_yesno":"true",
    "website":"No Data",
    "street_address":"2055 Sunnydale Ave.",
    "street_city":"San Francisco",
    "street_state":"CA",
    "street_zip":"94134-2611",
    "phone":"(415) 469-4519",
    "point":"POINT (-122.421911 37.713557)",
    "analysis_neighborhood":"McLaren Park",
    "supervisor_district":10,
    "data_as_of":"2026/02/03 02:02:06 PM",
    "data_loaded_at":"2026/02/06 02:16:51 PM"
    }
  },
  {
    "type": "Feature",
    "geometry": {
       "type": "Point",
       "coordinates":  [ -122.405032,37.749583 ]
    },
    "properties": {
    "record_type":"School",
    "cds_code":"38,684,786,909,600",
    "district":"San Francisco Unified",
    "school":"Meadows-livingstone school",
    "status":"Active",
    "open_date":"1980/07/01 12:00:00 AM",
    "charter_yesno":"false",
    "educational_program_type":"No Data",
    "entity_type":"Elementary School (Private)",
    "low_grade":"K",
    "high_grade":"6",
    "public_yesno":"false",
    "website":"Www.meadowslivingstoneschool.com",
    "street_address":"1499 Potrero Ave Ste. 1",
    "street_city":"San Francisco",
    "street_state":"CA",
    "street_zip":"94110-9411",
    "phone":"(415) 695-7735",
    "point":"POINT (-122.405032 37.749583)",
    "analysis_neighborhood":"Mission",
    "supervisor_district":9,
    "data_as_of":"2026/02/03 02:02:06 PM",
    "data_loaded_at":"2026/02/06 02:16:51 PM"
    }
  },
  {
    "type": "Feature",
    "geometry": {
       "type": "Point",
       "coordinates":  [ -122.436340,37.759148 ]
    },
    "properties": {
    "record_type":"School",
    "cds_code":"38,684,786,040,919",
    "district":"San Francisco Unified",
    "school":"Milk (Harvey) Civil Rights Elementary",
    "status":"Active",
    "open_date":"1980/07/01 12:00:00 AM",
    "charter_yesno":"false",
    "educational_program_type":"Traditional",
    "entity_type":"Elementary Schools (Public)",
    "low_grade":"K",
    "high_grade":"5",
    "public_yesno":"true",
    "website":"No Data",
    "street_address":"4235 19th St.",
    "street_city":"San Francisco",
    "street_state":"CA",
    "street_zip":"94114-2415",
    "phone":"(415) 241-6276",
    "point":"POINT (-122.43634 37.759148)",
    "analysis_neighborhood":"Castro/Upper Market",
    "supervisor_district":8,
    "data_as_of":"2026/02/03 02:02:06 PM",
    "data_loaded_at":"2026/02/06 02:16:51 PM"
    }
  },
  {
    "type": "Feature",
    "geometry": {
       "type": "Point",
       "coordinates":  [ -122.423746,37.781751 ]
    },
    "properties": {
    "record_type":"School",
    "cds_code":"38,684,786,151,310",
    "district":"San Francisco Unified",
    "school":"Millennium School of San Francisco",
    "status":"Active",
    "open_date":"2016/04/25 12:00:00 AM",
    "charter_yesno":"false",
    "educational_program_type":"No Data",
    "entity_type":"Elementary School (Private)",
    "low_grade":"6",
    "high_grade":"8",
    "public_yesno":"false",
    "website":"millenniumschool.org",
    "street_address":"888 Turk St.",
    "street_city":"San Francisco",
    "street_state":"CA",
    "street_zip":"94102-3118",
    "phone":"(415) 992-8520",
    "point":"POINT (-122.423746 37.781751)",
    "analysis_neighborhood":"Western Addition",
    "supervisor_district":2,
    "data_as_of":"2026/02/03 02:02:06 PM",
    "data_loaded_at":"2026/02/06 02:16:51 PM"
    }
  },
  {
    "type": "Feature",
    "geometry": {
       "type": "Point",
       "coordinates":  [ -122.450214,37.739309 ]
    },
    "properties": {
    "record_type":"School",
    "cds_code":"38,684,786,041,438",
    "district":"San Francisco Unified",
    "school":"Miraloma Elementary",
    "status":"Active",
    "open_date":"1980/07/01 12:00:00 AM",
    "charter_yesno":"false",
    "educational_program_type":"Traditional",
    "entity_type":"Elementary Schools (Public)",
    "low_grade":"K",
    "high_grade":"5",
    "public_yesno":"true",
    "website":"No Data",
    "street_address":"175 Omar Way",
    "street_city":"San Francisco",
    "street_state":"CA",
    "street_zip":"94127-1701",
    "phone":"(415) 469-4734",
    "point":"POINT (-122.450214 37.739309)",
    "analysis_neighborhood":"West of Twin Peaks",
    "supervisor_district":7,
    "data_as_of":"2026/02/03 02:02:06 PM",
    "data_loaded_at":"2026/02/06 02:16:51 PM"
    }
  },
  {
    "type": "Feature",
    "geometry": {
       "type": "Point",
       "coordinates":  [ -122.395224,37.769858 ]
    },
    "properties": {
    "record_type":"School",
    "cds_code":"38,684,780,165,480",
    "district":"San Francisco Unified",
    "school":"Mission Bay Elementary",
    "status":"Pending",
    "open_date":"2026/08/17 12:00:00 AM",
    "charter_yesno":"false",
    "educational_program_type":"Traditional",
    "entity_type":"Elementary Schools (Public)",
    "low_grade":"P",
    "high_grade":"5",
    "public_yesno":"true",
    "website":"www.sfusd.edu",
    "street_address":"1415 Owens St.",
    "street_city":"San Francisco",
    "street_state":"CA",
    "street_zip":"94158-2587",
    "phone":"(415) 241-6000",
    "point":"POINT (-122.395224 37.769858)",
    "analysis_neighborhood":"Mission Bay",
    "supervisor_district":6,
    "data_as_of":"2026/02/03 02:02:06 PM",
    "data_loaded_at":"2026/02/06 02:16:51 PM"
    }
  },
  {
    "type": "Feature",
    "geometry": {
       "type": "Point",
       "coordinates":  [ -122.428026,37.764531 ]
    },
    "properties": {
    "record_type":"School",
    "cds_code":"38,684,786,981,716",
    "district":"San Francisco Unified",
    "school":"Mission Dolores Academy",
    "status":"Active",
    "open_date":"1980/07/01 12:00:00 AM",
    "charter_yesno":"false",
    "educational_program_type":"No Data",
    "entity_type":"Elementary School (Private)",
    "low_grade":"K",
    "high_grade":"8",
    "public_yesno":"false",
    "website":"www.mdasf.org",
    "street_address":"3371 16th St.",
    "street_city":"San Francisco",
    "street_state":"CA",
    "street_zip":"94114-1712",
    "phone":"(415) 346-9500",
    "point":"POINT (-122.428026 37.764531)",
    "analysis_neighborhood":"Castro/Upper Market",
    "supervisor_district":8,
    "data_as_of":"2026/02/03 02:02:06 PM",
    "data_loaded_at":"2026/02/06 02:16:51 PM"
    }
  },
  {
    "type": "Feature",
    "geometry": {
       "type": "Point",
       "coordinates":  [ -122.431061,37.742282 ]
    },
    "properties": {
    "record_type":"School",
    "cds_code":"38,684,786,089,585",
    "district":"San Francisco Unified",
    "school":"Mission Education Center",
    "status":"Active",
    "open_date":"1980/07/01 12:00:00 AM",
    "charter_yesno":"false",
    "educational_program_type":"Traditional",
    "entity_type":"Elementary Schools (Public)",
    "low_grade":"K",
    "high_grade":"5",
    "public_yesno":"true",
    "website":"No Data",
    "street_address":"1670 Noe St.",
    "street_city":"San Francisco",
    "street_state":"CA",
    "street_zip":"94131-2357",
    "phone":"(415) 695-5313",
    "point":"POINT (-122.431061 37.742282)",
    "analysis_neighborhood":"Noe Valley",
    "supervisor_district":8,
    "data_as_of":"2026/02/03 02:02:06 PM",
    "data_loaded_at":"2026/02/06 02:16:51 PM"
    }
  },
  {
    "type": "Feature",
    "geometry": {
       "type": "Point",
       "coordinates":  [ -122.427287,37.761403 ]
    },
    "properties": {
    "record_type":"School",
    "cds_code":"38,684,783,834,082",
    "district":"San Francisco Unified",
    "school":"Mission High",
    "status":"Active",
    "open_date":"1980/07/01 12:00:00 AM",
    "charter_yesno":"false",
    "educational_program_type":"Traditional",
    "entity_type":"High Schools (Public)",
    "low_grade":"9",
    "high_grade":"12",
    "public_yesno":"true",
    "website":"No Data",
    "street_address":"3750 18th St.",
    "street_city":"San Francisco",
    "street_state":"CA",
    "street_zip":"94114-2614",
    "phone":"(415) 241-6240",
    "point":"POINT (-122.427287 37.761403)",
    "analysis_neighborhood":"Castro/Upper Market",
    "supervisor_district":8,
    "data_as_of":"2026/02/03 02:02:06 PM",
    "data_loaded_at":"2026/02/06 02:16:51 PM"
    }
  },
  {
    "type": "Feature",
    "geometry": {
       "type": "Point",
       "coordinates":  [ -122.418721,37.776820 ]
    },
    "properties": {
    "record_type":"School",
    "cds_code":"38,684,786,154,439",
    "district":"San Francisco Unified",
    "school":"Mission Montessori",
    "status":"Active",
    "open_date":"2017/10/18 12:00:00 AM",
    "charter_yesno":"false",
    "educational_program_type":"No Data",
    "entity_type":"Elementary School (Private)",
    "low_grade":"K",
    "high_grade":"6",
    "public_yesno":"false",
    "website":"missionmontessori.org",
    "street_address":"50 Fell St.",
    "street_city":"San Francisco",
    "street_state":"CA",
    "street_zip":"94102-5206",
    "phone":"(415) 805-8315",
    "point":"POINT (-122.418721 37.77682)",
    "analysis_neighborhood":"Tenderloin",
    "supervisor_district":6,
    "data_as_of":"2026/02/03 02:02:06 PM",
    "data_loaded_at":"2026/02/06 02:16:51 PM"
    }
  },
  {
    "type": "Feature",
    "geometry": {
       "type": "Point",
       "coordinates":  [ -122.408574,37.755441 ]
    },
    "properties": {
    "record_type":"School",
    "cds_code":"38,684,780,123,505",
    "district":"San Francisco Unified",
    "school":"Mission Preparatory",
    "status":"Active",
    "open_date":"2011/08/15 12:00:00 AM",
    "charter_yesno":"true",
    "educational_program_type":"Traditional",
    "entity_type":"Elementary Schools (Public)",
    "low_grade":"K",
    "high_grade":"8",
    "public_yesno":"true",
    "website":"www.missionpreparatory.org",
    "street_address":"1050 York St.",
    "street_city":"San Francisco",
    "street_state":"CA",
    "street_zip":"94110-3420",
    "phone":"(415) 508-9626",
    "point":"POINT (-122.408574 37.755441)",
    "analysis_neighborhood":"Mission",
    "supervisor_district":9,
    "data_as_of":"2026/02/03 02:02:06 PM",
    "data_loaded_at":"2026/02/06 02:16:51 PM"
    }
  },
  {
    "type": "Feature",
    "geometry": {
       "type": "Point",
       "coordinates":  [ -122.430121,37.725224 ]
    },
    "properties": {
    "record_type":"School",
    "cds_code":"38,684,786,041,446",
    "district":"San Francisco Unified",
    "school":"Monroe Elementary",
    "status":"Active",
    "open_date":"1980/07/01 12:00:00 AM",
    "charter_yesno":"false",
    "educational_program_type":"Traditional",
    "entity_type":"Elementary Schools (Public)",
    "low_grade":"K",
    "high_grade":"5",
    "public_yesno":"true",
    "website":"No Data",
    "street_address":"260 Madrid St.",
    "street_city":"San Francisco",
    "street_state":"CA",
    "street_zip":"94112-2055",
    "phone":"(415) 469-4736",
    "point":"POINT (-122.430121 37.725224)",
    "analysis_neighborhood":"Excelsior",
    "supervisor_district":11,
    "data_as_of":"2026/02/03 02:02:06 PM",
    "data_loaded_at":"2026/02/06 02:16:51 PM"
    }
  },
  {
    "type": "Feature",
    "geometry": {
       "type": "Point",
       "coordinates":  [ -122.412303,37.756242 ]
    },
    "properties": {
    "record_type":"School",
    "cds_code":"38,684,786,099,154",
    "district":"San Francisco Unified",
    "school":"Moscone (George R.) Elementary",
    "status":"Active",
    "open_date":"1980/07/01 12:00:00 AM",
    "charter_yesno":"false",
    "educational_program_type":"Traditional",
    "entity_type":"Elementary Schools (Public)",
    "low_grade":"K",
    "high_grade":"5",
    "public_yesno":"true",
    "website":"No Data",
    "street_address":"2576 Harrison St.",
    "street_city":"San Francisco",
    "street_state":"CA",
    "street_zip":"94110-2720",
    "phone":"(415) 695-5736",
    "point":"POINT (-122.412303 37.756242)",
    "analysis_neighborhood":"Mission",
    "supervisor_district":9,
    "data_as_of":"2026/02/03 02:02:06 PM",
    "data_loaded_at":"2026/02/06 02:16:51 PM"
    }
  },
  {
    "type": "Feature",
    "geometry": {
       "type": "Point",
       "coordinates":  [ -122.429094,37.773688 ]
    },
    "properties": {
    "record_type":"School",
    "cds_code":"38,684,786,041,255",
    "district":"San Francisco Unified",
    "school":"Muir (John) Elementary",
    "status":"Active",
    "open_date":"1980/07/01 12:00:00 AM",
    "charter_yesno":"false",
    "educational_program_type":"Traditional",
    "entity_type":"Elementary Schools (Public)",
    "low_grade":"K",
    "high_grade":"5",
    "public_yesno":"true",
    "website":"No Data",
    "street_address":"380 Webster St.",
    "street_city":"San Francisco",
    "street_state":"CA",
    "street_zip":"94117-3512",
    "phone":"(415) 241-6335",
    "point":"POINT (-122.429094 37.773688)",
    "analysis_neighborhood":"Hayes Valley",
    "supervisor_district":5,
    "data_as_of":"2026/02/03 02:02:06 PM",
    "data_loaded_at":"2026/02/06 02:16:51 PM"
    }
  },
  {
    "type": "Feature",
    "geometry": {
       "type": "Point",
       "coordinates":  [ -122.486902,37.773560 ]
    },
    "properties": {
    "record_type":"School",
    "cds_code":"38,684,786,154,702",
    "district":"San Francisco Unified",
    "school":"My City School",
    "status":"Active",
    "open_date":"2018/05/12 12:00:00 AM",
    "charter_yesno":"false",
    "educational_program_type":"No Data",
    "entity_type":"Elementary School (Private)",
    "low_grade":"5",
    "high_grade":"8",
    "public_yesno":"false",
    "website":"https://www.mycityschool.org",
    "street_address":"855 27th Ave.",
    "street_city":"San Francisco",
    "street_state":"CA",
    "street_zip":"94121-3619",
    "phone":"(415) 260-2316",
    "point":"POINT (-122.486902 37.77356)",
    "analysis_neighborhood":"Outer Richmond",
    "supervisor_district":1,
    "data_as_of":"2026/02/03 02:02:06 PM",
    "data_loaded_at":"2026/02/06 02:16:51 PM"
    }
  },
  {
    "type": "Feature",
    "geometry": {
       "type": "Point",
       "coordinates":  [ -122.467320,37.781921 ]
    },
    "properties": {
    "record_type":"School",
    "cds_code":"38,684,786,169,627",
    "district":"San Francisco Unified",
    "school":"Nativity",
    "status":"Active",
    "open_date":"2024/05/07 12:00:00 AM",
    "charter_yesno":"false",
    "educational_program_type":"No Data",
    "entity_type":"High Schools (Private)",
    "low_grade":"9",
    "high_grade":"12",
    "public_yesno":"false",
    "website":"https://www.nativityhs.org/",
    "street_address":"350 9Th Ave",
    "street_city":"San Francisco",
    "street_state":"CA",
    "street_zip":"94118-2211",
    "phone":"(415) 322-9229",
    "point":"POINT (-122.46732 37.781921)",
    "analysis_neighborhood":"Inner Richmond",
    "supervisor_district":1,
    "data_as_of":"2026/02/03 02:02:06 PM",
    "data_loaded_at":"2026/02/06 02:16:51 PM"
    }
  },
  {
    "type": "Feature",
    "geometry": {
       "type": "Point",
       "coordinates":  [ -122.450324,37.774310 ]
    },
    "properties": {
    "record_type":"School",
    "cds_code":"38,684,786,097,919",
    "district":"San Francisco Unified",
    "school":"New Traditions Elementary",
    "status":"Active",
    "open_date":"1980/07/01 12:00:00 AM",
    "charter_yesno":"false",
    "educational_program_type":"Traditional",
    "entity_type":"Elementary Schools (Public)",
    "low_grade":"K",
    "high_grade":"5",
    "public_yesno":"true",
    "website":"No Data",
    "street_address":"2049 Grove St.",
    "street_city":"San Francisco",
    "street_state":"CA",
    "street_zip":"94117-1123",
    "phone":"(415) 750-8490",
    "point":"POINT (-122.450324 37.77431)",
    "analysis_neighborhood":"Lone Mountain/USF",
    "supervisor_district":5,
    "data_as_of":"2026/02/03 02:02:06 PM",
    "data_loaded_at":"2026/02/06 02:16:51 PM"
    }
  },
  {
    "type": "Feature",
    "geometry": {
       "type": "Point",
       "coordinates":  [ -122.414721,37.755849 ]
    },
    "properties": {
    "record_type":"School",
    "cds_code":"38,684,786,152,961",
    "district":"San Francisco Unified",
    "school":"Nomad",
    "status":"Active",
    "open_date":"2017/07/28 12:00:00 AM",
    "charter_yesno":"false",
    "educational_program_type":"Traditional",
    "entity_type":"Elementary School (Private)",
    "low_grade":"5",
    "high_grade":"8",
    "public_yesno":"false",
    "website":"No Data",
    "street_address":"2590 Folsom St.",
    "street_city":"San Francisco",
    "street_state":"CA",
    "street_zip":"94110-2622",
    "phone":"(415) 745-5882",
    "point":"POINT (-122.414721 37.755849)",
    "analysis_neighborhood":"Mission",
    "supervisor_district":9,
    "data_as_of":"2026/02/03 02:02:06 PM",
    "data_loaded_at":"2026/02/06 02:16:51 PM"
    }
  },
  {
    "type": "Feature",
    "geometry": {
       "type": "Point",
       "coordinates":  [ -122.503387,37.753466 ]
    },
    "properties": {
    "record_type":"School",
    "cds_code":"38,684,780,117,473",
    "district":"San Francisco Unified",
    "school":"Noriega Children Center",
    "status":"Active",
    "open_date":"2008/06/01 12:00:00 AM",
    "charter_yesno":"false",
    "educational_program_type":"Traditional",
    "entity_type":"Preschool",
    "low_grade":"P",
    "high_grade":"P",
    "public_yesno":"true",
    "website":"No Data",
    "street_address":"1775 44th Ave.",
    "street_city":"San Francisco",
    "street_state":"CA",
    "street_zip":"94122-4013",
    "phone":"(415) 759-2853",
    "point":"POINT (-122.503387 37.753466)",
    "analysis_neighborhood":"Sunset/Parkside",
    "supervisor_district":4,
    "data_as_of":"2026/02/03 02:02:06 PM",
    "data_loaded_at":"2026/02/06 02:16:51 PM"
    }
  },
  {
    "type": "Feature",
    "geometry": {
       "type": "Point",
       "coordinates":  [ -122.414687,37.759631 ]
    },
    "properties": {
    "record_type":"School",
    "cds_code":"38,684,783,834,769",
    "district":"San Francisco Unified",
    "school":"O'Connell (John) High",
    "status":"Active",
    "open_date":"1980/07/01 12:00:00 AM",
    "charter_yesno":"false",
    "educational_program_type":"Traditional",
    "entity_type":"High Schools (Public)",
    "low_grade":"9",
    "high_grade":"12",
    "public_yesno":"true",
    "website":"No Data",
    "street_address":"2355 Folsom St.",
    "street_city":"San Francisco",
    "street_state":"CA",
    "street_zip":"94110-2010",
    "phone":"(415) 695-5370",
    "point":"POINT (-122.414687 37.759631)",
    "analysis_neighborhood":"Mission",
    "supervisor_district":9,
    "data_as_of":"2026/02/03 02:02:06 PM",
    "data_loaded_at":"2026/02/06 02:16:51 PM"
    }
  },
  {
    "type": "Feature",
    "geometry": {
       "type": "Point",
       "coordinates":  [ -122.466259,37.716168 ]
    },
    "properties": {
    "record_type":"School",
    "cds_code":"38,684,786,041,271",
    "district":"San Francisco Unified",
    "school":"Ortega (Jose) Elementary",
    "status":"Active",
    "open_date":"1980/07/01 12:00:00 AM",
    "charter_yesno":"false",
    "educational_program_type":"Traditional",
    "entity_type":"Elementary Schools (Public)",
    "low_grade":"K",
    "high_grade":"5",
    "public_yesno":"true",
    "website":"No Data",
    "street_address":"400 Sargent St.",
    "street_city":"San Francisco",
    "street_state":"CA",
    "street_zip":"94132-3152",
    "phone":"(415) 469-4726",
    "point":"POINT (-122.466259 37.716168)",
    "analysis_neighborhood":"Oceanview/Merced/Ingleside",
    "supervisor_district":11,
    "data_as_of":"2026/02/03 02:02:06 PM",
    "data_loaded_at":"2026/02/06 02:16:51 PM"
    }
  },
  {
    "type": "Feature",
    "geometry": {
       "type": "Point",
       "coordinates":  [ -122.409473,37.709685 ]
    },
    "properties": {
    "record_type":"School",
    "cds_code":"38,684,786,981,559",
    "district":"San Francisco Unified",
    "school":"Our Lady of the Visitacion Elementary",
    "status":"Active",
    "open_date":"1980/07/01 12:00:00 AM",
    "charter_yesno":"false",
    "educational_program_type":"No Data",
    "entity_type":"Elementary School (Private)",
    "low_grade":"K",
    "high_grade":"8",
    "public_yesno":"false",
    "website":"www.olvsf.org",
    "street_address":"785 Sunnydale Ave",
    "street_city":"San Francisco",
    "street_state":"CA",
    "street_zip":"94134-2842",
    "phone":"(415) 239-7840",
    "point":"POINT (-122.409473 37.709685)",
    "analysis_neighborhood":"Visitacion Valley",
    "supervisor_district":10,
    "data_as_of":"2026/02/03 02:02:06 PM",
    "data_loaded_at":"2026/02/06 02:16:51 PM"
    }
  },
  {
    "type": "Feature",
    "geometry": {
       "type": "Point",
       "coordinates":  [ -122.411105,37.797323 ]
    },
    "properties": {
    "record_type":"School",
    "cds_code":"38,684,786,041,206",
    "district":"San Francisco Unified",
    "school":"Parker (Jean) Elementary",
    "status":"Active",
    "open_date":"1980/07/01 12:00:00 AM",
    "charter_yesno":"false",
    "educational_program_type":"Traditional",
    "entity_type":"Elementary Schools (Public)",
    "low_grade":"K",
    "high_grade":"5",
    "public_yesno":"true",
    "website":"No Data",
    "street_address":"840 Broadway St.",
    "street_city":"San Francisco",
    "street_state":"CA",
    "street_zip":"94133-4219",
    "phone":"(415) 291-7990",
    "point":"POINT (-122.411105 37.797323)",
    "analysis_neighborhood":"Chinatown",
    "supervisor_district":3,
    "data_as_of":"2026/02/03 02:02:06 PM",
    "data_loaded_at":"2026/02/06 02:16:51 PM"
    }
  },
  {
    "type": "Feature",
    "geometry": {
       "type": "Point",
       "coordinates":  [ -122.429454,37.783681 ]
    },
    "properties": {
    "record_type":"School",
    "cds_code":"38,684,786,041,503",
    "district":"San Francisco Unified",
    "school":"Parks (Rosa) Elementary",
    "status":"Active",
    "open_date":"1980/07/01 12:00:00 AM",
    "charter_yesno":"false",
    "educational_program_type":"Traditional",
    "entity_type":"Elementary Schools (Public)",
    "low_grade":"K",
    "high_grade":"5",
    "public_yesno":"true",
    "website":"No Data",
    "street_address":"1501 O'Farrell St.",
    "street_city":"San Francisco",
    "street_state":"CA",
    "street_zip":"94115-3762",
    "phone":"(415) 749-3519",
    "point":"POINT (-122.429454 37.783681)",
    "analysis_neighborhood":"Western Addition",
    "supervisor_district":5,
    "data_as_of":"2026/02/03 02:02:06 PM",
    "data_loaded_at":"2026/02/06 02:16:51 PM"
    }
  },
  {
    "type": "Feature",
    "geometry": {
       "type": "Point",
       "coordinates":  [ -122.464567,37.783947 ]
    },
    "properties": {
    "record_type":"School",
    "cds_code":"38,684,786,041,065",
    "district":"San Francisco Unified",
    "school":"Peabody (George) Elementary",
    "status":"Active",
    "open_date":"1980/07/01 12:00:00 AM",
    "charter_yesno":"false",
    "educational_program_type":"Traditional",
    "entity_type":"Elementary Schools (Public)",
    "low_grade":"K",
    "high_grade":"5",
    "public_yesno":"true",
    "website":"No Data",
    "street_address":"251 Sixth Ave.",
    "street_city":"San Francisco",
    "street_state":"CA",
    "street_zip":"94118-2311",
    "phone":"(415) 750-8480",
    "point":"POINT (-122.464567 37.783947)",
    "analysis_neighborhood":"Inner Richmond",
    "supervisor_district":1,
    "data_as_of":"2026/02/03 02:02:06 PM",
    "data_loaded_at":"2026/02/06 02:16:51 PM"
    }
  },
  {
    "type": "Feature",
    "geometry": {
       "type": "Point",
       "coordinates":  [ -122.461075,37.797684 ]
    },
    "properties": {
    "record_type":"School",
    "cds_code":"38,684,780,117,499",
    "district":"San Francisco Unified",
    "school":"Presidio Early Ed.",
    "status":"Active",
    "open_date":"2008/06/01 12:00:00 AM",
    "charter_yesno":"false",
    "educational_program_type":"Traditional",
    "entity_type":"Preschool",
    "low_grade":"P",
    "high_grade":"P",
    "public_yesno":"true",
    "website":"No Data",
    "street_address":"387 Moraga Ave.",
    "street_city":"San Francisco",
    "street_state":"CA",
    "street_zip":"94129-2235",
    "phone":"(415) 561-5822",
    "point":"POINT (-122.461075 37.797684)",
    "analysis_neighborhood":"Presidio",
    "supervisor_district":2,
    "data_as_of":"2026/02/03 02:02:06 PM",
    "data_loaded_at":"2026/02/06 02:16:51 PM"
    }
  },
  {
    "type": "Feature",
    "geometry": {
       "type": "Point",
       "coordinates":  [ -122.456047,37.788675 ]
    },
    "properties": {
    "record_type":"School",
    "cds_code":"38,684,786,205,652",
    "district":"San Francisco Unified",
    "school":"Presidio Hill School",
    "status":"Active",
    "open_date":"2005/05/24 12:00:00 AM",
    "charter_yesno":"false",
    "educational_program_type":"No Data",
    "entity_type":"Elementary School (Private)",
    "low_grade":"K",
    "high_grade":"8",
    "public_yesno":"false",
    "website":"www.presidiohill.org",
    "street_address":"3839 Washington St.",
    "street_city":"San Francisco",
    "street_state":"CA",
    "street_zip":"94118-1612",
    "phone":"(415) 751-9318",
    "point":"POINT (-122.456047 37.788675)",
    "analysis_neighborhood":"Presidio Heights",
    "supervisor_district":2,
    "data_as_of":"2026/02/03 02:02:06 PM",
    "data_loaded_at":"2026/02/06 02:16:51 PM"
    }
  },
  {
    "type": "Feature",
    "geometry": {
       "type": "Point",
       "coordinates":  [ -122.413682,37.773697 ]
    },
    "properties": {
    "record_type":"School",
    "cds_code":"38,684,786,144,034",
    "district":"San Francisco Unified",
    "school":"Presidio Knolls School",
    "status":"Active",
    "open_date":"2013/01/09 12:00:00 AM",
    "charter_yesno":"false",
    "educational_program_type":"No Data",
    "entity_type":"Kindergartens (Private)",
    "low_grade":"K",
    "high_grade":"8",
    "public_yesno":"false",
    "website":"www.presidioknolls.org",
    "street_address":"250 10th St.",
    "street_city":"San Francisco",
    "street_state":"CA",
    "street_zip":"94103-3811",
    "phone":"(415) 202-0770",
    "point":"POINT (-122.413682 37.773697)",
    "analysis_neighborhood":"South of Market",
    "supervisor_district":6,
    "data_as_of":"2026/02/03 02:02:06 PM",
    "data_loaded_at":"2026/02/06 02:16:51 PM"
    }
  },
  {
    "type": "Feature",
    "geometry": {
       "type": "Point",
       "coordinates":  [ -122.490102,37.780831 ]
    },
    "properties": {
    "record_type":"School",
    "cds_code":"38,684,786,062,079",
    "district":"San Francisco Unified",
    "school":"Presidio Middle",
    "status":"Active",
    "open_date":"1980/07/01 12:00:00 AM",
    "charter_yesno":"false",
    "educational_program_type":"Traditional",
    "entity_type":"Intermediate/Middle Schools (Public)",
    "low_grade":"6",
    "high_grade":"8",
    "public_yesno":"true",
    "website":"No Data",
    "street_address":"450 30th Ave.",
    "street_city":"San Francisco",
    "street_state":"CA",
    "street_zip":"94121-1766",
    "phone":"(415) 750-8435",
    "point":"POINT (-122.490102 37.780831)",
    "analysis_neighborhood":"Outer Richmond",
    "supervisor_district":1,
    "data_as_of":"2026/02/03 02:02:06 PM",
    "data_loaded_at":"2026/02/06 02:16:51 PM"
    }
  },
  {
    "type": "Feature",
    "geometry": {
       "type": "Point",
       "coordinates":  [ -122.407924,37.781181 ]
    },
    "properties": {
    "record_type":"School",
    "cds_code":"38,684,786,150,254",
    "district":"San Francisco Unified",
    "school":"Proof School",
    "status":"Active",
    "open_date":"2015/12/02 12:00:00 AM",
    "charter_yesno":"false",
    "educational_program_type":"No Data",
    "entity_type":"K-12 Schools (Private)",
    "low_grade":"6",
    "high_grade":"12",
    "public_yesno":"false",
    "website":"www.proofschool.org",
    "street_address":"973 Mission St",
    "street_city":"San Francisco",
    "street_state":"CA",
    "street_zip":"94103-2912",
    "phone":"(415) 426-5700",
    "point":"POINT (-122.407924 37.781181)",
    "analysis_neighborhood":"South of Market",
    "supervisor_district":6,
    "data_as_of":"2026/02/03 02:02:06 PM",
    "data_loaded_at":"2026/02/06 02:16:51 PM"
    }
  },
  {
    "type": "Feature",
    "geometry": {
       "type": "Point",
       "coordinates":  [ -122.388277,37.761089 ]
    },
    "properties": {
    "record_type":"School",
    "cds_code":"38,684,786,140,974",
    "district":"San Francisco Unified",
    "school":"Red Bridge",
    "status":"Active",
    "open_date":"2020/09/02 12:00:00 AM",
    "charter_yesno":"false",
    "educational_program_type":"No Data",
    "entity_type":"Elementary School (Private)",
    "low_grade":"K",
    "high_grade":"7",
    "public_yesno":"false",
    "website":"https://www.redbridgesf.org/",
    "street_address":"2265 Third St.",
    "street_city":"San Francisco",
    "street_state":"CA",
    "street_zip":"94107-3125",
    "phone":"(415) 598-9038",
    "point":"POINT (-122.388277 37.761089)",
    "analysis_neighborhood":"Potrero Hill",
    "supervisor_district":10,
    "data_as_of":"2026/02/03 02:02:06 PM",
    "data_loaded_at":"2026/02/06 02:16:51 PM"
    }
  },
  {
    "type": "Feature",
    "geometry": {
       "type": "Point",
       "coordinates":  [ -122.419215,37.789726 ]
    },
    "properties": {
    "record_type":"School",
    "cds_code":"38,684,786,041,511",
    "district":"San Francisco Unified",
    "school":"Redding Elementary",
    "status":"Active",
    "open_date":"1980/07/01 12:00:00 AM",
    "charter_yesno":"false",
    "educational_program_type":"Traditional",
    "entity_type":"Elementary Schools (Public)",
    "low_grade":"K",
    "high_grade":"5",
    "public_yesno":"true",
    "website":"No Data",
    "street_address":"1421 Pine St.",
    "street_city":"San Francisco",
    "street_state":"CA",
    "street_zip":"94109-4719",
    "phone":"(415) 749-3525",
    "point":"POINT (-122.419215 37.789726)",
    "analysis_neighborhood":"Nob Hill",
    "supervisor_district":3,
    "data_as_of":"2026/02/03 02:02:06 PM",
    "data_loaded_at":"2026/02/06 02:16:51 PM"
    }
  },
  {
    "type": "Feature",
    "geometry": {
       "type": "Point",
       "coordinates":  [ -122.413174,37.737142 ]
    },
    "properties": {
    "record_type":"School",
    "cds_code":"38,684,786,041,487",
    "district":"San Francisco Unified",
    "school":"Revere (Paul) Elementary",
    "status":"Active",
    "open_date":"1980/07/01 12:00:00 AM",
    "charter_yesno":"false",
    "educational_program_type":"Traditional",
    "entity_type":"Elementary Schools (Public)",
    "low_grade":"K",
    "high_grade":"8",
    "public_yesno":"true",
    "website":"No Data",
    "street_address":"555 Tompkins Ave.",
    "street_city":"San Francisco",
    "street_state":"CA",
    "street_zip":"94110-6144",
    "phone":"(415) 695-5656",
    "point":"POINT (-122.413174 37.737142)",
    "analysis_neighborhood":"Bernal Heights",
    "supervisor_district":9,
    "data_as_of":"2026/02/03 02:02:06 PM",
    "data_loaded_at":"2026/02/06 02:16:51 PM"
    }
  },
  {
    "type": "Feature",
    "geometry": {
       "type": "Point",
       "coordinates":  [ -122.382079,37.738923 ]
    },
    "properties": {
    "record_type":"School",
    "cds_code":"38,684,786,152,532",
    "district":"San Francisco Unified",
    "school":"Rise University Preparatory",
    "status":"Active",
    "open_date":"2017/02/22 12:00:00 AM",
    "charter_yesno":"false",
    "educational_program_type":"No Data",
    "entity_type":"High Schools (Private)",
    "low_grade":"9",
    "high_grade":"12",
    "public_yesno":"false",
    "website":"www.riseprep.org",
    "street_address":"1224 Fairfax Ave.",
    "street_city":"San Francisco",
    "street_state":"CA",
    "street_zip":"94124-1744",
    "phone":"(415) 966-1963",
    "point":"POINT (-122.382079 37.738923)",
    "analysis_neighborhood":"Bayview Hunters Point",
    "supervisor_district":10,
    "data_as_of":"2026/02/03 02:02:06 PM",
    "data_loaded_at":"2026/02/06 02:16:51 PM"
    }
  },
  {
    "type": "Feature",
    "geometry": {
       "type": "Point",
       "coordinates":  [ -122.443888,37.754418 ]
    },
    "properties": {
    "record_type":"School",
    "cds_code":"38,684,786,089,775",
    "district":"San Francisco Unified",
    "school":"Rooftop Elementary",
    "status":"Active",
    "open_date":"1980/07/01 12:00:00 AM",
    "charter_yesno":"false",
    "educational_program_type":"Traditional",
    "entity_type":"Elementary Schools (Public)",
    "low_grade":"K",
    "high_grade":"8",
    "public_yesno":"true",
    "website":"No Data",
    "street_address":"443 Burnett Ave.",
    "street_city":"San Francisco",
    "street_state":"CA",
    "street_zip":"94131-1330",
    "phone":"(415) 695-5692",
    "point":"POINT (-122.443888 37.754418)",
    "analysis_neighborhood":"Twin Peaks",
    "supervisor_district":8,
    "data_as_of":"2026/02/03 02:02:06 PM",
    "data_loaded_at":"2026/02/06 02:16:51 PM"
    }
  },
  {
    "type": "Feature",
    "geometry": {
       "type": "Point",
       "coordinates":  [ -122.458952,37.782249 ]
    },
    "properties": {
    "record_type":"School",
    "cds_code":"38,684,786,059,901",
    "district":"San Francisco Unified",
    "school":"Roosevelt Middle",
    "status":"Active",
    "open_date":"1980/07/01 12:00:00 AM",
    "charter_yesno":"false",
    "educational_program_type":"Traditional",
    "entity_type":"Intermediate/Middle Schools (Public)",
    "low_grade":"6",
    "high_grade":"8",
    "public_yesno":"true",
    "website":"No Data",
    "street_address":"460 Arguello Blvd.",
    "street_city":"San Francisco",
    "street_state":"CA",
    "street_zip":"94118-2505",
    "phone":"(415) 750-8446",
    "point":"POINT (-122.458952 37.782249)",
    "analysis_neighborhood":"Inner Richmond",
    "supervisor_district":1,
    "data_as_of":"2026/02/03 02:02:06 PM",
    "data_loaded_at":"2026/02/06 02:16:51 PM"
    }
  },
  {
    "type": "Feature",
    "geometry": {
       "type": "Point",
       "coordinates":  [ -122.400623,37.761720 ]
    },
    "properties": {
    "record_type":"School",
    "cds_code":"38,684,780,119,875",
    "district":"San Francisco Unified",
    "school":"S.F. International High",
    "status":"Active",
    "open_date":"2009/08/24 12:00:00 AM",
    "charter_yesno":"false",
    "educational_program_type":"Alternative School of Choice",
    "entity_type":"Alternative Schools of Choice",
    "low_grade":"8",
    "high_grade":"12",
    "public_yesno":"true",
    "website":"www.sfusd.edu",
    "street_address":"655 DeHaro St.",
    "street_city":"San Francisco",
    "street_state":"CA",
    "street_zip":"94107-2727",
    "phone":"(415) 695-5781",
    "point":"POINT (-122.400623 37.76172)",
    "analysis_neighborhood":"Potrero Hill",
    "supervisor_district":10,
    "data_as_of":"2026/02/03 02:02:06 PM",
    "data_loaded_at":"2026/02/06 02:16:51 PM"
    }
  },
  {
    "type": "Feature",
    "geometry": {
       "type": "Point",
       "coordinates":  [ -122.423457,37.783524 ]
    },
    "properties": {
    "record_type":"School",
    "cds_code":"38,684,786,939,748",
    "district":"San Francisco Unified",
    "school":"Sacred Heart Cathedral Preparatory",
    "status":"Active",
    "open_date":"1980/07/01 12:00:00 AM",
    "charter_yesno":"false",
    "educational_program_type":"No Data",
    "entity_type":"High Schools (Private)",
    "low_grade":"9",
    "high_grade":"12",
    "public_yesno":"false",
    "website":"www.shcp.edu",
    "street_address":"1055 Ellis St.",
    "street_city":"San Francisco",
    "street_state":"CA",
    "street_zip":"94109-7716",
    "phone":"(415) 775-6626",
    "point":"POINT (-122.423457 37.783524)",
    "analysis_neighborhood":"Western Addition",
    "supervisor_district":2,
    "data_as_of":"2026/02/03 02:02:06 PM",
    "data_loaded_at":"2026/02/06 02:16:51 PM"
    }
  },
  {
    "type": "Feature",
    "geometry": {
       "type": "Point",
       "coordinates":  [ -122.424826,37.795337 ]
    },
    "properties": {
    "record_type":"School",
    "cds_code":"38,684,786,981,682",
    "district":"San Francisco Unified",
    "school":"Saint Brigid Academy",
    "status":"Active",
    "open_date":"1980/07/01 12:00:00 AM",
    "charter_yesno":"false",
    "educational_program_type":"No Data",
    "entity_type":"Elementary School (Private)",
    "low_grade":"K",
    "high_grade":"8",
    "public_yesno":"false",
    "website":"https://www.saintbrigidsf.org/",
    "street_address":"2250 Franklin St.",
    "street_city":"San Francisco",
    "street_state":"CA",
    "street_zip":"94109-2428",
    "phone":"(415) 673-4523",
    "point":"POINT (-122.424826 37.795337)",
    "analysis_neighborhood":"Pacific Heights",
    "supervisor_district":2,
    "data_as_of":"2026/02/03 02:02:06 PM",
    "data_loaded_at":"2026/02/06 02:16:51 PM"
    }
  },
  {
    "type": "Feature",
    "geometry": {
       "type": "Point",
       "coordinates":  [ -122.483524,37.780236 ]
    },
    "properties": {
    "record_type":"School",
    "cds_code":"38,684,786,980,585",
    "district":"San Francisco Unified",
    "school":"Saint Monica School",
    "status":"Active",
    "open_date":"1980/07/01 12:00:00 AM",
    "charter_yesno":"false",
    "educational_program_type":"No Data",
    "entity_type":"Elementary School (Private)",
    "low_grade":"K",
    "high_grade":"8",
    "public_yesno":"false",
    "website":"www.stmonicasf.org",
    "street_address":"5950 Geary Blvd.",
    "street_city":"San Francisco",
    "street_state":"CA",
    "street_zip":"94121-2007",
    "phone":"(415) 751-9564",
    "point":"POINT (-122.483524 37.780236)",
    "analysis_neighborhood":"Outer Richmond",
    "supervisor_district":1,
    "data_as_of":"2026/02/03 02:02:06 PM",
    "data_loaded_at":"2026/02/06 02:16:51 PM"
    }
  },
  {
    "type": "Feature",
    "geometry": {
       "type": "Point",
       "coordinates":  [ -122.450839,37.722215 ]
    },
    "properties": {
    "record_type":"School",
    "cds_code":"38,684,786,980,718",
    "district":"San Francisco Unified",
    "school":"San Francisco Adventist School",
    "status":"Active",
    "open_date":"1980/07/01 12:00:00 AM",
    "charter_yesno":"false",
    "educational_program_type":"No Data",
    "entity_type":"Elementary School (Private)",
    "low_grade":"K",
    "high_grade":"8",
    "public_yesno":"false",
    "website":"https://www.sfasonline.org/",
    "street_address":"66 Geneva Ave.",
    "street_city":"San Francisco",
    "street_state":"CA",
    "street_zip":"94112-2304",
    "phone":"(415) 585-5550",
    "point":"POINT (-122.450839 37.722215)",
    "analysis_neighborhood":"Oceanview/Merced/Ingleside",
    "supervisor_district":11,
    "data_as_of":"2026/02/03 02:02:06 PM",
    "data_loaded_at":"2026/02/06 02:16:51 PM"
    }
  },
  {
    "type": "Feature",
    "geometry": {
       "type": "Point",
       "coordinates":  [ -122.447754,37.710037 ]
    },
    "properties": {
    "record_type":"School",
    "cds_code":"38,684,786,980,692",
    "district":"San Francisco Unified",
    "school":"San Francisco Christian School",
    "status":"Active",
    "open_date":"1980/07/01 12:00:00 AM",
    "charter_yesno":"false",
    "educational_program_type":"No Data",
    "entity_type":"K-12 Schools (Private)",
    "low_grade":"K",
    "high_grade":"12",
    "public_yesno":"false",
    "website":"www.sfchristianschool.org",
    "street_address":"25 Whittier St.",
    "street_city":"San Francisco",
    "street_state":"CA",
    "street_zip":"94112-4213",
    "phone":"(415) 586-1117",
    "point":"POINT (-122.447754 37.710037)",
    "analysis_neighborhood":"Excelsior",
    "supervisor_district":11,
    "data_as_of":"2026/02/03 02:02:06 PM",
    "data_loaded_at":"2026/02/06 02:16:51 PM"
    }
  },
  {
    "type": "Feature",
    "geometry": {
       "type": "Point",
       "coordinates":  [ -122.412406,37.783496 ]
    },
    "properties": {
    "record_type":"School",
    "cds_code":"38,684,787,095,755",
    "district":"San Francisco Unified",
    "school":"San Francisco City Academy",
    "status":"Active",
    "open_date":"1980/07/01 12:00:00 AM",
    "charter_yesno":"false",
    "educational_program_type":"No Data",
    "entity_type":"K-12 Schools (Private)",
    "low_grade":"K",
    "high_grade":"5",
    "public_yesno":"false",
    "website":"sfcityacademy.com",
    "street_address":"230 Jones St.",
    "street_city":"San Francisco",
    "street_state":"CA",
    "street_zip":"94102-2662",
    "phone":"(415) 813-6259",
    "point":"POINT (-122.412406 37.783496)",
    "analysis_neighborhood":"Tenderloin",
    "supervisor_district":5,
    "data_as_of":"2026/02/03 02:02:06 PM",
    "data_loaded_at":"2026/02/06 02:16:51 PM"
    }
  },
  {
    "type": "Feature",
    "geometry": {
       "type": "Point",
       "coordinates":  [ -122.432624,37.725815 ]
    },
    "properties": {
    "record_type":"School",
    "cds_code":"38,684,786,093,488",
    "district":"San Francisco Unified",
    "school":"San Francisco Community Alternative",
    "status":"Active",
    "open_date":"1980/07/01 12:00:00 AM",
    "charter_yesno":"false",
    "educational_program_type":"Traditional",
    "entity_type":"Elementary Schools (Public)",
    "low_grade":"K",
    "high_grade":"8",
    "public_yesno":"true",
    "website":"No Data",
    "street_address":"125 Excelsior Ave.",
    "street_city":"San Francisco",
    "street_state":"CA",
    "street_zip":"94112-2041",
    "phone":"(415) 469-4739",
    "point":"POINT (-122.432624 37.725815)",
    "analysis_neighborhood":"Excelsior",
    "supervisor_district":11,
    "data_as_of":"2026/02/03 02:02:06 PM",
    "data_loaded_at":"2026/02/06 02:16:51 PM"
    }
  },
  {
    "type": "Feature",
    "geometry": {
       "type": "Point",
       "coordinates":  [ -122.446137,37.777894 ]
    },
    "properties": {
    "record_type":"School",
    "cds_code":"38,684,786,915,748",
    "district":"San Francisco Unified",
    "school":"San Francisco Day School",
    "status":"Active",
    "open_date":"1980/07/01 12:00:00 AM",
    "charter_yesno":"false",
    "educational_program_type":"No Data",
    "entity_type":"Elementary School (Private)",
    "low_grade":"K",
    "high_grade":"8",
    "public_yesno":"false",
    "website":"www.sfday.org",
    "street_address":"2160 Golden Gate Ave",
    "street_city":"San Francisco",
    "street_state":"CA",
    "street_zip":"94118",
    "phone":"(415) 931-2422",
    "point":"POINT (-122.446137 37.777894)",
    "analysis_neighborhood":"Lone Mountain/USF",
    "supervisor_district":2,
    "data_as_of":"2026/02/03 02:02:06 PM",
    "data_loaded_at":"2026/02/06 02:16:51 PM"
    }
  },
  {
    "type": "Feature",
    "geometry": {
       "type": "Point",
       "coordinates":  [ -122.422908,37.768979 ]
    },
    "properties": {
    "record_type":"School",
    "cds_code":"38,684,786,204,762",
    "district":"San Francisco Unified",
    "school":"San Francisco Friends School",
    "status":"Active",
    "open_date":"2004/08/12 12:00:00 AM",
    "charter_yesno":"false",
    "educational_program_type":"No Data",
    "entity_type":"Elementary School (Private)",
    "low_grade":"K",
    "high_grade":"8",
    "public_yesno":"false",
    "website":"sffriendsschool.org",
    "street_address":"250 Valencia St.",
    "street_city":"San Francisco",
    "street_state":"CA",
    "street_zip":"94103-2322",
    "phone":"(415) 565-0400",
    "point":"POINT (-122.422908 37.768979)",
    "analysis_neighborhood":"Mission",
    "supervisor_district":9,
    "data_as_of":"2026/02/03 02:02:06 PM",
    "data_loaded_at":"2026/02/06 02:16:51 PM"
    }
  },
  {
    "type": "Feature",
    "geometry": {
       "type": "Point",
       "coordinates":  [ -122.452939,37.770342 ]
    },
    "properties": {
    "record_type":"School",
    "cds_code":"38,684,786,139,463",
    "district":"San Francisco Unified",
    "school":"San Francisco High School of the Arts",
    "status":"Active",
    "open_date":"2011/03/21 12:00:00 AM",
    "charter_yesno":"false",
    "educational_program_type":"No Data",
    "entity_type":"K-12 Schools (Private)",
    "low_grade":"5",
    "high_grade":"12",
    "public_yesno":"false",
    "website":"https://www.highschoolofthearts.org/",
    "street_address":"1950 Page St.",
    "street_city":"San Francisco",
    "street_state":"CA",
    "street_zip":"94117-1804",
    "phone":"(415) 431-3161",
    "point":"POINT (-122.452939 37.770342)",
    "analysis_neighborhood":"Haight Ashbury",
    "supervisor_district":5,
    "data_as_of":"2026/02/03 02:02:06 PM",
    "data_loaded_at":"2026/02/06 02:16:51 PM"
    }
  },
  {
    "type": "Feature",
    "geometry": {
       "type": "Point",
       "coordinates":  [ -122.454287,37.713750 ]
    },
    "properties": {
    "record_type":"School",
    "cds_code":"38,684,786,158,539",
    "district":"San Francisco Unified",
    "school":"San Francisco Islamic School",
    "status":"Active",
    "open_date":"2019/06/27 12:00:00 AM",
    "charter_yesno":"false",
    "educational_program_type":"No Data",
    "entity_type":"Elementary School (Private)",
    "low_grade":"K",
    "high_grade":"8",
    "public_yesno":"false",
    "website":"www.sfislamicschool.org",
    "street_address":"55 Farallones Ave",
    "street_city":"San Francisco",
    "street_state":"CA",
    "street_zip":"94112-3005",
    "phone":"(415) 310-7003",
    "point":"POINT (-122.454287 37.71375)",
    "analysis_neighborhood":"Oceanview/Merced/Ingleside",
    "supervisor_district":11,
    "data_as_of":"2026/02/03 02:02:06 PM",
    "data_loaded_at":"2026/02/06 02:16:51 PM"
    }
  },
  {
    "type": "Feature",
    "geometry": {
       "type": "Point",
       "coordinates":  [ -122.494287,37.775640 ]
    },
    "properties": {
    "record_type":"School",
    "cds_code":"38,684,786,146,054",
    "district":"San Francisco Unified",
    "school":"San Francisco Pacific Academy",
    "status":"Active",
    "open_date":"2013/12/14 12:00:00 AM",
    "charter_yesno":"false",
    "educational_program_type":"No Data",
    "entity_type":"Elementary School (Private)",
    "low_grade":"K",
    "high_grade":"8",
    "public_yesno":"false",
    "website":"https://sfpacificacademy.org/",
    "street_address":"3301 Balboa St.",
    "street_city":"San Francisco",
    "street_state":"CA",
    "street_zip":"94121-2703",
    "phone":"(415) 800-0730",
    "point":"POINT (-122.494287 37.77564)",
    "analysis_neighborhood":"Outer Richmond",
    "supervisor_district":1,
    "data_as_of":"2026/02/03 02:02:06 PM",
    "data_loaded_at":"2026/02/06 02:16:51 PM"
    }
  },
  {
    "type": "Feature",
    "geometry": {
       "type": "Point",
       "coordinates":  [ -122.433547,37.792616 ]
    },
    "properties": {
    "record_type":"School",
    "cds_code":"38,684,780,123,117",
    "district":"San Francisco Unified",
    "school":"San Francisco Public Montessori",
    "status":"Active",
    "open_date":"2010/08/16 12:00:00 AM",
    "charter_yesno":"false",
    "educational_program_type":"Traditional",
    "entity_type":"Elementary Schools (Public)",
    "low_grade":"K",
    "high_grade":"5",
    "public_yesno":"true",
    "website":"www.sfpublicmontessori.com",
    "street_address":"2340 Jackson St.",
    "street_city":"San Francisco",
    "street_state":"CA",
    "street_zip":"94115-1323",
    "phone":"(415) 749-3544",
    "point":"POINT (-122.433547 37.792616)",
    "analysis_neighborhood":"Pacific Heights",
    "supervisor_district":2,
    "data_as_of":"2026/02/03 02:02:06 PM",
    "data_loaded_at":"2026/02/06 02:16:51 PM"
    }
  },
  {
    "type": "Feature",
    "geometry": {
       "type": "Point",
       "coordinates":  [ -122.411698,37.732780 ]
    },
    "properties": {
    "record_type":"School",
    "cds_code":"38,684,786,980,726",
    "district":"San Francisco Unified",
    "school":"San Francisco School, The",
    "status":"Active",
    "open_date":"1980/07/01 12:00:00 AM",
    "charter_yesno":"false",
    "educational_program_type":"No Data",
    "entity_type":"Elementary School (Private)",
    "low_grade":"K",
    "high_grade":"8",
    "public_yesno":"false",
    "website":"www.sfschool.org",
    "street_address":"300 Gaven St.",
    "street_city":"San Francisco",
    "street_state":"CA",
    "street_zip":"94134-1113",
    "phone":"(415) 239-5065",
    "point":"POINT (-122.411698 37.73278)",
    "analysis_neighborhood":"Portola",
    "supervisor_district":9,
    "data_as_of":"2026/02/03 02:02:06 PM",
    "data_loaded_at":"2026/02/06 02:16:51 PM"
    }
  },
  {
    "type": "Feature",
    "geometry": {
       "type": "Point",
       "coordinates":  [ -122.430191,37.774870 ]
    },
    "properties": {
    "record_type":"School",
    "cds_code":"38,684,786,143,952",
    "district":"San Francisco Unified",
    "school":"San Francisco Schoolhouse",
    "status":"Active",
    "open_date":"2012/12/27 12:00:00 AM",
    "charter_yesno":"false",
    "educational_program_type":"No Data",
    "entity_type":"Elementary School (Private)",
    "low_grade":"K",
    "high_grade":"8",
    "public_yesno":"false",
    "website":"Sfschoolhouse.org",
    "street_address":"735 Fell St.",
    "street_city":"San Francisco",
    "street_state":"CA",
    "street_zip":"94117-2608",
    "phone":"(415) 966-2252",
    "point":"POINT (-122.430191 37.77487)",
    "analysis_neighborhood":"Hayes Valley",
    "supervisor_district":5,
    "data_as_of":"2026/02/03 02:02:06 PM",
    "data_loaded_at":"2026/02/06 02:16:51 PM"
    }
  },
  {
    "type": "Feature",
    "geometry": {
       "type": "Point",
       "coordinates":  [ -122.445353,37.790956 ]
    },
    "properties": {
    "record_type":"School",
    "cds_code":"38,684,786,939,698",
    "district":"San Francisco Unified",
    "school":"San Francisco University High School",
    "status":"Active",
    "open_date":"1980/07/01 12:00:00 AM",
    "charter_yesno":"false",
    "educational_program_type":"No Data",
    "entity_type":"High Schools (Private)",
    "low_grade":"9",
    "high_grade":"12",
    "public_yesno":"false",
    "website":"sfuhs.org",
    "street_address":"3065 Jackson St",
    "street_city":"San Francisco",
    "street_state":"CA",
    "street_zip":"94115-1022",
    "phone":"(415) 447-3122",
    "point":"POINT (-122.445353 37.790956)",
    "analysis_neighborhood":"Pacific Heights",
    "supervisor_district":2,
    "data_as_of":"2026/02/03 02:02:06 PM",
    "data_loaded_at":"2026/02/06 02:16:51 PM"
    }
  },
  {
    "type": "Feature",
    "geometry": {
       "type": "Point",
       "coordinates":  [ -122.441910,37.790920 ]
    },
    "properties": {
    "record_type":"School",
    "cds_code":"38,684,786,907,927",
    "district":"San Francisco Unified",
    "school":"San Francisco Waldorf School",
    "status":"Active",
    "open_date":"1980/07/01 12:00:00 AM",
    "charter_yesno":"false",
    "educational_program_type":"No Data",
    "entity_type":"K-12 Schools (Private)",
    "low_grade":"K",
    "high_grade":"12",
    "public_yesno":"false",
    "website":"www.sfwaldorf.org",
    "street_address":"2938 Washington St",
    "street_city":"San Francisco",
    "street_state":"CA",
    "street_zip":"94115-1727",
    "phone":"(415) 931-2750",
    "point":"POINT (-122.44191 37.79092)",
    "analysis_neighborhood":"Pacific Heights",
    "supervisor_district":2,
    "data_as_of":"2026/02/03 02:02:06 PM",
    "data_loaded_at":"2026/02/06 02:16:51 PM"
    }
  },
  {
    "type": "Feature",
    "geometry": {
       "type": "Point",
       "coordinates":  [ -122.444754,37.721211 ]
    },
    "properties": {
    "record_type":"School",
    "cds_code":"38,684,780,117,481",
    "district":"San Francisco Unified",
    "school":"San Miguel Children Center",
    "status":"Active",
    "open_date":"2008/06/01 12:00:00 AM",
    "charter_yesno":"false",
    "educational_program_type":"Traditional",
    "entity_type":"Preschool",
    "low_grade":"P",
    "high_grade":"P",
    "public_yesno":"true",
    "website":"No Data",
    "street_address":"300 Seneca Ave.",
    "street_city":"San Francisco",
    "street_state":"CA",
    "street_zip":"94112-3248",
    "phone":"(415) 469-4756",
    "point":"POINT (-122.444754 37.721211)",
    "analysis_neighborhood":"Outer Mission",
    "supervisor_district":11,
    "data_as_of":"2026/02/03 02:02:06 PM",
    "data_loaded_at":"2026/02/06 02:16:51 PM"
    }
  },
  {
    "type": "Feature",
    "geometry": {
       "type": "Point",
       "coordinates":  [ -122.430768,37.763967 ]
    },
    "properties": {
    "record_type":"School",
    "cds_code":"38,684,786,041,545",
    "district":"San Francisco Unified",
    "school":"Sanchez Elementary",
    "status":"Active",
    "open_date":"1980/07/01 12:00:00 AM",
    "charter_yesno":"false",
    "educational_program_type":"Traditional",
    "entity_type":"Elementary Schools (Public)",
    "low_grade":"K",
    "high_grade":"5",
    "public_yesno":"true",
    "website":"No Data",
    "street_address":"325 Sanchez St.",
    "street_city":"San Francisco",
    "street_state":"CA",
    "street_zip":"94114-1615",
    "phone":"(415) 241-6380",
    "point":"POINT (-122.430768 37.763967)",
    "analysis_neighborhood":"Castro/Upper Market",
    "supervisor_district":8,
    "data_as_of":"2026/02/03 02:02:06 PM",
    "data_loaded_at":"2026/02/06 02:16:51 PM"
    }
  },
  {
    "type": "Feature",
    "geometry": {
       "type": "Point",
       "coordinates":  [ -122.434907,37.716192 ]
    },
    "properties": {
    "record_type":"School",
    "cds_code":"38,684,786,980,734",
    "district":"San Francisco Unified",
    "school":"School of the Epiphany",
    "status":"Active",
    "open_date":"1980/07/01 12:00:00 AM",
    "charter_yesno":"false",
    "educational_program_type":"No Data",
    "entity_type":"Elementary School (Private)",
    "low_grade":"K",
    "high_grade":"8",
    "public_yesno":"false",
    "website":"sfepiphany.org",
    "street_address":"600 Italy Ave.",
    "street_city":"San Francisco",
    "street_state":"CA",
    "street_zip":"94112-3519",
    "phone":"(415) 337-4030",
    "point":"POINT (-122.434907 37.716192)",
    "analysis_neighborhood":"Excelsior",
    "supervisor_district":11,
    "data_as_of":"2026/02/03 02:02:06 PM",
    "data_loaded_at":"2026/02/06 02:16:51 PM"
    }
  },
  {
    "type": "Feature",
    "geometry": {
       "type": "Point",
       "coordinates":  [ -122.421137,37.736733 ]
    },
    "properties": {
    "record_type":"School",
    "cds_code":"38,684,786,041,289",
    "district":"San Francisco Unified",
    "school":"Serra (Junipero) Elementary",
    "status":"Active",
    "open_date":"1980/07/01 12:00:00 AM",
    "charter_yesno":"false",
    "educational_program_type":"Traditional",
    "entity_type":"Elementary Schools (Public)",
    "low_grade":"K",
    "high_grade":"5",
    "public_yesno":"true",
    "website":"No Data",
    "street_address":"625 Holly Park Cir.",
    "street_city":"San Francisco",
    "street_state":"CA",
    "street_zip":"94110-5815",
    "phone":"(415) 695-5685",
    "point":"POINT (-122.421137 37.736733)",
    "analysis_neighborhood":"Bernal Heights",
    "supervisor_district":9,
    "data_as_of":"2026/02/03 02:02:06 PM",
    "data_loaded_at":"2026/02/06 02:16:51 PM"
    }
  },
  {
    "type": "Feature",
    "geometry": {
       "type": "Point",
       "coordinates":  [ -122.459134,37.714331 ]
    },
    "properties": {
    "record_type":"School",
    "cds_code":"38,684,786,041,560",
    "district":"San Francisco Unified",
    "school":"Sheridan Elementary",
    "status":"Active",
    "open_date":"1980/07/01 12:00:00 AM",
    "charter_yesno":"false",
    "educational_program_type":"Traditional",
    "entity_type":"Elementary Schools (Public)",
    "low_grade":"K",
    "high_grade":"5",
    "public_yesno":"true",
    "website":"No Data",
    "street_address":"431 Capitol Ave.",
    "street_city":"San Francisco",
    "street_state":"CA",
    "street_zip":"94112-2934",
    "phone":"(415) 469-4743",
    "point":"POINT (-122.459134 37.714331)",
    "analysis_neighborhood":"Oceanview/Merced/Ingleside",
    "supervisor_district":11,
    "data_as_of":"2026/02/03 02:02:06 PM",
    "data_loaded_at":"2026/02/06 02:16:51 PM"
    }
  },
  {
    "type": "Feature",
    "geometry": {
       "type": "Point",
       "coordinates":  [ -122.426203,37.798273 ]
    },
    "properties": {
    "record_type":"School",
    "cds_code":"38,684,786,041,578",
    "district":"San Francisco Unified",
    "school":"Sherman Elementary",
    "status":"Active",
    "open_date":"1980/07/01 12:00:00 AM",
    "charter_yesno":"false",
    "educational_program_type":"Traditional",
    "entity_type":"Elementary Schools (Public)",
    "low_grade":"K",
    "high_grade":"5",
    "public_yesno":"true",
    "website":"No Data",
    "street_address":"1651 Union St.",
    "street_city":"San Francisco",
    "street_state":"CA",
    "street_zip":"94123-4506",
    "phone":"(415) 749-3530",
    "point":"POINT (-122.426203 37.798273)",
    "analysis_neighborhood":"Marina",
    "supervisor_district":2,
    "data_as_of":"2026/02/03 02:02:06 PM",
    "data_loaded_at":"2026/02/06 02:16:51 PM"
    }
  },
  {
    "type": "Feature",
    "geometry": {
       "type": "Point",
       "coordinates":  [ -122.470965,37.731881 ]
    },
    "properties": {
    "record_type":"School",
    "cds_code":"38,684,786,040,851",
    "district":"San Francisco Unified",
    "school":"Sloat (Commodore) Elementary",
    "status":"Active",
    "open_date":"1980/07/01 12:00:00 AM",
    "charter_yesno":"false",
    "educational_program_type":"Traditional",
    "entity_type":"Elementary Schools (Public)",
    "low_grade":"K",
    "high_grade":"5",
    "public_yesno":"true",
    "website":"No Data",
    "street_address":"50 Darien Way",
    "street_city":"San Francisco",
    "street_state":"CA",
    "street_zip":"94127-1902",
    "phone":"(415) 759-2807",
    "point":"POINT (-122.470965 37.731881)",
    "analysis_neighborhood":"West of Twin Peaks",
    "supervisor_district":7,
    "data_as_of":"2026/02/03 02:02:06 PM",
    "data_loaded_at":"2026/02/06 02:16:51 PM"
    }
  },
  {
    "type": "Feature",
    "geometry": {
       "type": "Point",
       "coordinates":  [ -122.418992,37.794403 ]
    },
    "properties": {
    "record_type":"School",
    "cds_code":"38,684,786,041,594",
    "district":"San Francisco Unified",
    "school":"Spring Valley Elementary",
    "status":"Active",
    "open_date":"1980/07/01 12:00:00 AM",
    "charter_yesno":"false",
    "educational_program_type":"Traditional",
    "entity_type":"Elementary Schools (Public)",
    "low_grade":"K",
    "high_grade":"5",
    "public_yesno":"true",
    "website":"No Data",
    "street_address":"1451 Jackson St.",
    "street_city":"San Francisco",
    "street_state":"CA",
    "street_zip":"94109-3115",
    "phone":"(415) 749-3535",
    "point":"POINT (-122.418992 37.794403)",
    "analysis_neighborhood":"Russian Hill",
    "supervisor_district":3,
    "data_as_of":"2026/02/03 02:02:06 PM",
    "data_loaded_at":"2026/02/06 02:16:51 PM"
    }
  },
  {
    "type": "Feature",
    "geometry": {
       "type": "Point",
       "coordinates":  [ -122.423676,37.751345 ]
    },
    "properties": {
    "record_type":"School",
    "cds_code":"38,684,786,981,773",
    "district":"San Francisco Unified",
    "school":"St James School",
    "status":"Active",
    "open_date":"1980/07/01 12:00:00 AM",
    "charter_yesno":"false",
    "educational_program_type":"No Data",
    "entity_type":"Elementary School (Private)",
    "low_grade":"K",
    "high_grade":"8",
    "public_yesno":"false",
    "website":"www.saintjames.org",
    "street_address":"321 Fair Oaks St.",
    "street_city":"San Francisco",
    "street_state":"CA",
    "street_zip":"94110-3616",
    "phone":"(415) 647-8972",
    "point":"POINT (-122.423676 37.751345)",
    "analysis_neighborhood":"Mission",
    "supervisor_district":8,
    "data_as_of":"2026/02/03 02:02:06 PM",
    "data_loaded_at":"2026/02/06 02:16:51 PM"
    }
  },
  {
    "type": "Feature",
    "geometry": {
       "type": "Point",
       "coordinates":  [ -122.471509,37.763304 ]
    },
    "properties": {
    "record_type":"School",
    "cds_code":"38,684,786,981,658",
    "district":"San Francisco Unified",
    "school":"St. Anne School",
    "status":"Active",
    "open_date":"1980/07/01 12:00:00 AM",
    "charter_yesno":"false",
    "educational_program_type":"No Data",
    "entity_type":"Elementary School (Private)",
    "low_grade":"K",
    "high_grade":"8",
    "public_yesno":"false",
    "website":"www.stanne.com",
    "street_address":"1320 14th Ave.",
    "street_city":"San Francisco",
    "street_state":"CA",
    "street_zip":"94122-2104",
    "phone":"(415) 664-7977",
    "point":"POINT (-122.471509 37.763304)",
    "analysis_neighborhood":"Inner Sunset",
    "supervisor_district":7,
    "data_as_of":"2026/02/03 02:02:06 PM",
    "data_loaded_at":"2026/02/06 02:16:51 PM"
    }
  },
  {
    "type": "Feature",
    "geometry": {
       "type": "Point",
       "coordinates":  [ -122.413856,37.747329 ]
    },
    "properties": {
    "record_type":"School",
    "cds_code":"38,684,786,981,666",
    "district":"San Francisco Unified",
    "school":"St. Anthony–Immaculate Conception",
    "status":"Active",
    "open_date":"1980/07/01 12:00:00 AM",
    "charter_yesno":"false",
    "educational_program_type":"No Data",
    "entity_type":"Elementary School (Private)",
    "low_grade":"K",
    "high_grade":"8",
    "public_yesno":"false",
    "website":"www.saicsf.org",
    "street_address":"299 Precita Ave.",
    "street_city":"San Francisco",
    "street_state":"CA",
    "street_zip":"94110-4627",
    "phone":"(415) 648-2008",
    "point":"POINT (-122.413856 37.747329)",
    "analysis_neighborhood":"Bernal Heights",
    "supervisor_district":9,
    "data_as_of":"2026/02/03 02:02:06 PM",
    "data_loaded_at":"2026/02/06 02:16:51 PM"
    }
  },
  {
    "type": "Feature",
    "geometry": {
       "type": "Point",
       "coordinates":  [ -122.456493,37.742801 ]
    },
    "properties": {
    "record_type":"School",
    "cds_code":"38,684,786,981,674",
    "district":"San Francisco Unified",
    "school":"St. Brendan Elementary",
    "status":"Active",
    "open_date":"1980/07/01 12:00:00 AM",
    "charter_yesno":"false",
    "educational_program_type":"No Data",
    "entity_type":"Elementary School (Private)",
    "low_grade":"K",
    "high_grade":"8",
    "public_yesno":"false",
    "website":"stbrendansf.com",
    "street_address":"940 Laguna Honda Blvd.",
    "street_city":"San Francisco",
    "street_state":"CA",
    "street_zip":"94127-1239",
    "phone":"(415) 731-2665",
    "point":"POINT (-122.456493 37.742801)",
    "analysis_neighborhood":"West of Twin Peaks",
    "supervisor_district":7,
    "data_as_of":"2026/02/03 02:02:06 PM",
    "data_loaded_at":"2026/02/06 02:16:51 PM"
    }
  },
  {
    "type": "Feature",
    "geometry": {
       "type": "Point",
       "coordinates":  [ -122.473942,37.739403 ]
    },
    "properties": {
    "record_type":"School",
    "cds_code":"38,684,786,981,690",
    "district":"San Francisco Unified",
    "school":"St. Cecilia Elementary",
    "status":"Active",
    "open_date":"1980/07/01 12:00:00 AM",
    "charter_yesno":"false",
    "educational_program_type":"No Data",
    "entity_type":"Elementary School (Private)",
    "low_grade":"K",
    "high_grade":"8",
    "public_yesno":"false",
    "website":"www.stceciliaschool.org",
    "street_address":"660 Vicente St.",
    "street_city":"San Francisco",
    "street_state":"CA",
    "street_zip":"94116-3077",
    "phone":"(415) 731-8400",
    "point":"POINT (-122.473942 37.739403)",
    "analysis_neighborhood":"West of Twin Peaks",
    "supervisor_district":7,
    "data_as_of":"2026/02/03 02:02:06 PM",
    "data_loaded_at":"2026/02/06 02:16:51 PM"
    }
  },
  {
    "type": "Feature",
    "geometry": {
       "type": "Point",
       "coordinates":  [ -122.447365,37.730349 ]
    },
    "properties": {
    "record_type":"School",
    "cds_code":"38,684,786,981,740",
    "district":"San Francisco Unified",
    "school":"St. Finn Barr Catholic School",
    "status":"Active",
    "open_date":"1980/07/01 12:00:00 AM",
    "charter_yesno":"false",
    "educational_program_type":"No Data",
    "entity_type":"Elementary School (Private)",
    "low_grade":"K",
    "high_grade":"8",
    "public_yesno":"false",
    "website":"www.stfinnbarr.org",
    "street_address":"419 Hearst Ave.",
    "street_city":"San Francisco",
    "street_state":"CA",
    "street_zip":"94112-1350",
    "phone":"(415) 333-1800",
    "point":"POINT (-122.447365 37.730349)",
    "analysis_neighborhood":"West of Twin Peaks",
    "supervisor_district":7,
    "data_as_of":"2026/02/03 02:02:06 PM",
    "data_loaded_at":"2026/02/06 02:16:51 PM"
    }
  },
  {
    "type": "Feature",
    "geometry": {
       "type": "Point",
       "coordinates":  [ -122.498992,37.739373 ]
    },
    "properties": {
    "record_type":"School",
    "cds_code":"38,684,786,981,765",
    "district":"San Francisco Unified",
    "school":"St. Gabriel Elementary School",
    "status":"Active",
    "open_date":"1980/07/01 12:00:00 AM",
    "charter_yesno":"false",
    "educational_program_type":"No Data",
    "entity_type":"Elementary School (Private)",
    "low_grade":"K",
    "high_grade":"9",
    "public_yesno":"false",
    "website":"stgabrielsf.com",
    "street_address":"2550 41st Ave.",
    "street_city":"San Francisco",
    "street_state":"CA",
    "street_zip":"94116-2708",
    "phone":"(415) 566-0314",
    "point":"POINT (-122.498992 37.739373)",
    "analysis_neighborhood":"Sunset/Parkside",
    "supervisor_district":4,
    "data_as_of":"2026/02/03 02:02:06 PM",
    "data_loaded_at":"2026/02/06 02:16:51 PM"
    }
  },
  {
    "type": "Feature",
    "geometry": {
       "type": "Point",
       "coordinates":  [ -122.495771,37.748400 ]
    },
    "properties": {
    "record_type":"School",
    "cds_code":"38,684,786,939,722",
    "district":"San Francisco Unified",
    "school":"St. Ignatius College Preparatory",
    "status":"Active",
    "open_date":"1980/07/01 12:00:00 AM",
    "charter_yesno":"false",
    "educational_program_type":"No Data",
    "entity_type":"High Schools (Private)",
    "low_grade":"6",
    "high_grade":"12",
    "public_yesno":"false",
    "website":"www.siprep.org",
    "street_address":"2001 37th Ave.",
    "street_city":"San Francisco",
    "street_state":"CA",
    "street_zip":"94116-1165",
    "phone":"(415) 731-7500",
    "point":"POINT (-122.495771 37.7484)",
    "analysis_neighborhood":"Sunset/Parkside",
    "supervisor_district":4,
    "data_as_of":"2026/02/03 02:02:06 PM",
    "data_loaded_at":"2026/02/06 02:16:51 PM"
    }
  },
  {
    "type": "Feature",
    "geometry": {
       "type": "Point",
       "coordinates":  [ -122.437712,37.735227 ]
    },
    "properties": {
    "record_type":"School",
    "cds_code":"38,684,786,139,893",
    "district":"San Francisco Unified",
    "school":"St. John the Evangelist",
    "status":"Active",
    "open_date":"2011/03/21 12:00:00 AM",
    "charter_yesno":"false",
    "educational_program_type":"No Data",
    "entity_type":"Elementary School (Private)",
    "low_grade":"K",
    "high_grade":"8",
    "public_yesno":"false",
    "website":"https://stjohnseagles.com/",
    "street_address":"925 Chenery St.",
    "street_city":"San Francisco",
    "street_state":"CA",
    "street_zip":"94131-2962",
    "phone":"(415) 584-8383",
    "point":"POINT (-122.437712 37.735227)",
    "analysis_neighborhood":"Glen Park",
    "supervisor_district":8,
    "data_as_of":"2026/02/03 02:02:06 PM",
    "data_loaded_at":"2026/02/06 02:16:51 PM"
    }
  },
  {
    "type": "Feature",
    "geometry": {
       "type": "Point",
       "coordinates":  [ -122.426868,37.744051 ]
    },
    "properties": {
    "record_type":"School",
    "cds_code":"38,684,786,980,601",
    "district":"San Francisco Unified",
    "school":"St. Paul's",
    "status":"Active",
    "open_date":"1980/07/01 12:00:00 AM",
    "charter_yesno":"false",
    "educational_program_type":"No Data",
    "entity_type":"Elementary School (Private)",
    "low_grade":"K",
    "high_grade":"8",
    "public_yesno":"false",
    "website":"www.stpaulschoolsf.org",
    "street_address":"1690 Church St.",
    "street_city":"San Francisco",
    "street_state":"CA",
    "street_zip":"94131-2453",
    "phone":"(415) 648-2055",
    "point":"POINT (-122.426868 37.744051)",
    "analysis_neighborhood":"Noe Valley",
    "supervisor_district":8,
    "data_as_of":"2026/02/03 02:02:06 PM",
    "data_loaded_at":"2026/02/06 02:16:51 PM"
    }
  },
  {
    "type": "Feature",
    "geometry": {
       "type": "Point",
       "coordinates":  [ -122.409996,37.751672 ]
    },
    "properties": {
    "record_type":"School",
    "cds_code":"38,684,786,980,619",
    "district":"San Francisco Unified",
    "school":"St. Peter's School",
    "status":"Active",
    "open_date":"1980/07/01 12:00:00 AM",
    "charter_yesno":"false",
    "educational_program_type":"No Data",
    "entity_type":"Elementary School (Private)",
    "low_grade":"K",
    "high_grade":"8",
    "public_yesno":"false",
    "website":"www.stpeterssf.org",
    "street_address":"1266 Florida St.",
    "street_city":"San Francisco",
    "street_state":"CA",
    "street_zip":"94110-4113",
    "phone":"(415) 647-8662",
    "point":"POINT (-122.409996 37.751672)",
    "analysis_neighborhood":"Mission",
    "supervisor_district":9,
    "data_as_of":"2026/02/03 02:02:06 PM",
    "data_loaded_at":"2026/02/06 02:16:51 PM"
    }
  },
  {
    "type": "Feature",
    "geometry": {
       "type": "Point",
       "coordinates":  [ -122.436301,37.751866 ]
    },
    "properties": {
    "record_type":"School",
    "cds_code":"38,684,786,980,627",
    "district":"San Francisco Unified",
    "school":"St. Philip School",
    "status":"Active",
    "open_date":"1980/07/01 12:00:00 AM",
    "charter_yesno":"false",
    "educational_program_type":"No Data",
    "entity_type":"Elementary School (Private)",
    "low_grade":"K",
    "high_grade":"8",
    "public_yesno":"false",
    "website":"www.saintphilipschool.org",
    "street_address":"665 Elizabeth St.",
    "street_city":"San Francisco",
    "street_state":"CA",
    "street_zip":"94114-3229",
    "phone":"(415) 824-8467",
    "point":"POINT (-122.436301 37.751866)",
    "analysis_neighborhood":"Noe Valley",
    "supervisor_district":8,
    "data_as_of":"2026/02/03 02:02:06 PM",
    "data_loaded_at":"2026/02/06 02:16:51 PM"
    }
  },
  {
    "type": "Feature",
    "geometry": {
       "type": "Point",
       "coordinates":  [ -122.475280,37.730674 ]
    },
    "properties": {
    "record_type":"School",
    "cds_code":"38,684,786,980,643",
    "district":"San Francisco Unified",
    "school":"St. Stephen School",
    "status":"Active",
    "open_date":"1980/07/01 12:00:00 AM",
    "charter_yesno":"false",
    "educational_program_type":"No Data",
    "entity_type":"Elementary School (Private)",
    "low_grade":"K",
    "high_grade":"8",
    "public_yesno":"false",
    "website":"http://www.ststephenschoolsf.org/",
    "street_address":"401 Eucalyptus Dr.",
    "street_city":"San Francisco",
    "street_state":"CA",
    "street_zip":"94132-1528",
    "phone":"(415) 664-8331",
    "point":"POINT (-122.47528 37.730674)",
    "analysis_neighborhood":"Lakeshore",
    "supervisor_district":4,
    "data_as_of":"2026/02/03 02:02:06 PM",
    "data_loaded_at":"2026/02/06 02:16:51 PM"
    }
  },
  {
    "type": "Feature",
    "geometry": {
       "type": "Point",
       "coordinates":  [ -122.473044,37.712255 ]
    },
    "properties": {
    "record_type":"School",
    "cds_code":"38,684,786,980,650",
    "district":"San Francisco Unified",
    "school":"St. Thomas More",
    "status":"Active",
    "open_date":"1980/07/01 12:00:00 AM",
    "charter_yesno":"false",
    "educational_program_type":"No Data",
    "entity_type":"Elementary School (Private)",
    "low_grade":"K",
    "high_grade":"8",
    "public_yesno":"false",
    "website":"www.stthomasmoreschool.org",
    "street_address":"50 Thomas More Way",
    "street_city":"San Francisco",
    "street_state":"CA",
    "street_zip":"94132-2911",
    "phone":"(415) 337-0100",
    "point":"POINT (-122.473044 37.712255)",
    "analysis_neighborhood":"Lakeshore",
    "supervisor_district":7,
    "data_as_of":"2026/02/03 02:02:06 PM",
    "data_loaded_at":"2026/02/06 02:16:51 PM"
    }
  },
  {
    "type": "Feature",
    "geometry": {
       "type": "Point",
       "coordinates":  [ -122.437744,37.796274 ]
    },
    "properties": {
    "record_type":"School",
    "cds_code":"38,684,786,980,676",
    "district":"San Francisco Unified",
    "school":"St. Vincent de Paul School",
    "status":"Active",
    "open_date":"1980/07/01 12:00:00 AM",
    "charter_yesno":"false",
    "educational_program_type":"No Data",
    "entity_type":"Elementary School (Private)",
    "low_grade":"K",
    "high_grade":"8",
    "public_yesno":"false",
    "website":"svdpsf.com",
    "street_address":"2350 Green St.",
    "street_city":"San Francisco",
    "street_state":"CA",
    "street_zip":"94123-4625",
    "phone":"(415) 346-5505",
    "point":"POINT (-122.437744 37.796274)",
    "analysis_neighborhood":"Marina",
    "supervisor_district":2,
    "data_as_of":"2026/02/03 02:02:06 PM",
    "data_loaded_at":"2026/02/06 02:16:51 PM"
    }
  },
  {
    "type": "Feature",
    "geometry": {
       "type": "Point",
       "coordinates":  [ -122.467362,37.781586 ]
    },
    "properties": {
    "record_type":"School",
    "cds_code":"38,684,786,162,598",
    "district":"San Francisco Unified",
    "school":"Stella Maris Academy",
    "status":"Active",
    "open_date":"2021/11/16 12:00:00 AM",
    "charter_yesno":"false",
    "educational_program_type":"No Data",
    "entity_type":"Elementary School (Private)",
    "low_grade":"K",
    "high_grade":"8",
    "public_yesno":"false",
    "website":"https://www.stellamarissf.org",
    "street_address":"360 9Th Ave",
    "street_city":"San Francisco",
    "street_state":"CA",
    "street_zip":"94118-2211",
    "phone":"(628) 977-4836",
    "point":"POINT (-122.467362 37.781586)",
    "analysis_neighborhood":"Inner Richmond",
    "supervisor_district":1,
    "data_as_of":"2026/02/03 02:02:06 PM",
    "data_loaded_at":"2026/02/06 02:16:51 PM"
    }
  },
  {
    "type": "Feature",
    "geometry": {
       "type": "Point",
       "coordinates":  [ -122.404864,37.795892 ]
    },
    "properties": {
    "record_type":"School",
    "cds_code":"38,684,786,999,379",
    "district":"San Francisco Unified",
    "school":"Sterne School",
    "status":"Active",
    "open_date":"1980/07/01 12:00:00 AM",
    "charter_yesno":"false",
    "educational_program_type":"No Data",
    "entity_type":"K-12 Schools (Private)",
    "low_grade":"4",
    "high_grade":"12",
    "public_yesno":"false",
    "website":"www.sterneschool.org",
    "street_address":"838 Kearny St.",
    "street_city":"San Francisco",
    "street_state":"CA",
    "street_zip":"94108-1304",
    "phone":"(415) 922-6081",
    "point":"POINT (-122.404864 37.795892)",
    "analysis_neighborhood":"Chinatown",
    "supervisor_district":3,
    "data_as_of":"2026/02/03 02:02:06 PM",
    "data_loaded_at":"2026/02/06 02:16:51 PM"
    }
  },
  {
    "type": "Feature",
    "geometry": {
       "type": "Point",
       "coordinates":  [ -122.492300,37.748857 ]
    },
    "properties": {
    "record_type":"School",
    "cds_code":"38,684,786,041,529",
    "district":"San Francisco Unified",
    "school":"Stevenson (Robert Louis) Elementary",
    "status":"Active",
    "open_date":"1980/07/01 12:00:00 AM",
    "charter_yesno":"false",
    "educational_program_type":"Traditional",
    "entity_type":"Elementary Schools (Public)",
    "low_grade":"K",
    "high_grade":"5",
    "public_yesno":"true",
    "website":"No Data",
    "street_address":"2051 34th Ave.",
    "street_city":"San Francisco",
    "street_state":"CA",
    "street_zip":"94116-1109",
    "phone":"(415) 759-2837",
    "point":"POINT (-122.4923 37.748857)",
    "analysis_neighborhood":"Sunset/Parkside",
    "supervisor_district":4,
    "data_as_of":"2026/02/03 02:02:06 PM",
    "data_loaded_at":"2026/02/06 02:16:51 PM"
    }
  },
  {
    "type": "Feature",
    "geometry": {
       "type": "Point",
       "coordinates":  [ -122.408832,37.795046 ]
    },
    "properties": {
    "record_type":"School",
    "cds_code":"38,684,780,117,465",
    "district":"San Francisco Unified",
    "school":"Stockton (Commodore) Children Center",
    "status":"Active",
    "open_date":"2008/06/01 12:00:00 AM",
    "charter_yesno":"false",
    "educational_program_type":"Traditional",
    "entity_type":"Preschool",
    "low_grade":"P",
    "high_grade":"P",
    "public_yesno":"true",
    "website":"No Data",
    "street_address":"1 Trenton St.",
    "street_city":"San Francisco",
    "street_state":"CA",
    "street_zip":"94108-1112",
    "phone":"(415) 291-7932",
    "point":"POINT (-122.408832 37.795046)",
    "analysis_neighborhood":"Chinatown",
    "supervisor_district":3,
    "data_as_of":"2026/02/03 02:02:06 PM",
    "data_loaded_at":"2026/02/06 02:16:51 PM"
    }
  },
  {
    "type": "Feature",
    "geometry": {
       "type": "Point",
       "coordinates":  [ -122.472818,37.776134 ]
    },
    "properties": {
    "record_type":"School",
    "cds_code":"38,684,786,159,156",
    "district":"San Francisco Unified",
    "school":"Stratford School",
    "status":"Active",
    "open_date":"2019/10/14 12:00:00 AM",
    "charter_yesno":"false",
    "educational_program_type":"No Data",
    "entity_type":"Elementary School (Private)",
    "low_grade":"K",
    "high_grade":"5",
    "public_yesno":"false",
    "website":"www.stratfordschools.com",
    "street_address":"645 14th Ave.",
    "street_city":"San Francisco",
    "street_state":"CA",
    "street_zip":"94118-3502",
    "phone":"(415) 742-4254",
    "point":"POINT (-122.472818 37.776134)",
    "analysis_neighborhood":"Outer Richmond",
    "supervisor_district":1,
    "data_as_of":"2026/02/03 02:02:06 PM",
    "data_loaded_at":"2026/02/06 02:16:51 PM"
    }
  },
  {
    "type": "Feature",
    "geometry": {
       "type": "Point",
       "coordinates":  [ -122.461497,37.723337 ]
    },
    "properties": {
    "record_type":"School",
    "cds_code":"38,684,786,135,651",
    "district":"San Francisco Unified",
    "school":"Stratford School",
    "status":"Active",
    "open_date":"2009/04/28 12:00:00 AM",
    "charter_yesno":"false",
    "educational_program_type":"No Data",
    "entity_type":"Kindergartens (Private)",
    "low_grade":"K",
    "high_grade":"5",
    "public_yesno":"false",
    "website":"www.stratfordschools.com",
    "street_address":"301 De Montfort Ave.",
    "street_city":"San Francisco",
    "street_state":"CA",
    "street_zip":"94112-1733",
    "phone":"(415) 333-3134",
    "point":"POINT (-122.461497 37.723337)",
    "analysis_neighborhood":"Oceanview/Merced/Ingleside",
    "supervisor_district":11,
    "data_as_of":"2026/02/03 02:02:06 PM",
    "data_loaded_at":"2026/02/06 02:16:51 PM"
    }
  },
  {
    "type": "Feature",
    "geometry": {
       "type": "Point",
       "coordinates":  [ -122.434847,37.727161 ]
    },
    "properties": {
    "record_type":"School",
    "cds_code":"38,684,786,156,640",
    "district":"San Francisco Unified",
    "school":"Stratford School San Francisco",
    "status":"Active",
    "open_date":"2018/10/18 12:00:00 AM",
    "charter_yesno":"false",
    "educational_program_type":"No Data",
    "entity_type":"Elementary School (Private)",
    "low_grade":"6",
    "high_grade":"8",
    "public_yesno":"false",
    "website":"stratfordschools.com",
    "street_address":"75 Francis St.",
    "street_city":"San Francisco",
    "street_state":"CA",
    "street_zip":"94112-1924",
    "phone":"(415) 715-8648",
    "point":"POINT (-122.434847 37.727161)",
    "analysis_neighborhood":"Outer Mission",
    "supervisor_district":11,
    "data_as_of":"2026/02/03 02:02:06 PM",
    "data_loaded_at":"2026/02/06 02:16:51 PM"
    }
  },
  {
    "type": "Feature",
    "geometry": {
       "type": "Point",
       "coordinates":  [ -122.410360,37.801350 ]
    },
    "properties": {
    "record_type":"School",
    "cds_code":"38,684,786,980,684",
    "district":"San Francisco Unified",
    "school":"Sts. Peter and Paul Elementary",
    "status":"Active",
    "open_date":"1980/07/01 12:00:00 AM",
    "charter_yesno":"false",
    "educational_program_type":"No Data",
    "entity_type":"Elementary School (Private)",
    "low_grade":"K",
    "high_grade":"8",
    "public_yesno":"false",
    "website":"www.sspeterpaulsf.org",
    "street_address":"660 Filbert St.",
    "street_city":"San Francisco",
    "street_state":"CA",
    "street_zip":"94133-2805",
    "phone":"(415) 421-5219",
    "point":"POINT (-122.41036 37.80135)",
    "analysis_neighborhood":"North Beach",
    "supervisor_district":3,
    "data_as_of":"2026/02/03 02:02:06 PM",
    "data_loaded_at":"2026/02/06 02:16:51 PM"
    }
  },
  {
    "type": "Feature",
    "geometry": {
       "type": "Point",
       "coordinates":  [ -122.448794,37.730307 ]
    },
    "properties": {
    "record_type":"School",
    "cds_code":"38,684,786,041,610",
    "district":"San Francisco Unified",
    "school":"Sunnyside Elementary",
    "status":"Active",
    "open_date":"1980/07/01 12:00:00 AM",
    "charter_yesno":"false",
    "educational_program_type":"Traditional",
    "entity_type":"Elementary Schools (Public)",
    "low_grade":"K",
    "high_grade":"5",
    "public_yesno":"true",
    "website":"https://www.sunnysidesf.org/",
    "street_address":"250 Foerster St.",
    "street_city":"San Francisco",
    "street_state":"CA",
    "street_zip":"94112-1341",
    "phone":"(415) 469-4746",
    "point":"POINT (-122.448794 37.730307)",
    "analysis_neighborhood":"West of Twin Peaks",
    "supervisor_district":7,
    "data_as_of":"2026/02/03 02:02:06 PM",
    "data_loaded_at":"2026/02/06 02:16:51 PM"
    }
  },
  {
    "type": "Feature",
    "geometry": {
       "type": "Point",
       "coordinates":  [ -122.499799,37.750743 ]
    },
    "properties": {
    "record_type":"School",
    "cds_code":"38,684,786,113,997",
    "district":"San Francisco Unified",
    "school":"Sunset Elementary",
    "status":"Active",
    "open_date":"1996/08/28 12:00:00 AM",
    "charter_yesno":"false",
    "educational_program_type":"Traditional",
    "entity_type":"Elementary Schools (Public)",
    "low_grade":"K",
    "high_grade":"5",
    "public_yesno":"true",
    "website":"No Data",
    "street_address":"1920 41st Ave.",
    "street_city":"San Francisco",
    "street_state":"CA",
    "street_zip":"94116-1101",
    "phone":"(415) 759-2760",
    "point":"POINT (-122.499799 37.750743)",
    "analysis_neighborhood":"Sunset/Parkside",
    "supervisor_district":4,
    "data_as_of":"2026/02/03 02:02:06 PM",
    "data_loaded_at":"2026/02/06 02:16:51 PM"
    }
  },
  {
    "type": "Feature",
    "geometry": {
       "type": "Point",
       "coordinates":  [ -122.471025,37.783932 ]
    },
    "properties": {
    "record_type":"School",
    "cds_code":"38,684,786,041,644",
    "district":"San Francisco Unified",
    "school":"Sutro Elementary",
    "status":"Active",
    "open_date":"1980/07/01 12:00:00 AM",
    "charter_yesno":"false",
    "educational_program_type":"Traditional",
    "entity_type":"Elementary Schools (Public)",
    "low_grade":"K",
    "high_grade":"5",
    "public_yesno":"true",
    "website":"No Data",
    "street_address":"235 12th Ave.",
    "street_city":"San Francisco",
    "street_state":"CA",
    "street_zip":"94118-2103",
    "phone":"(415) 750-8525",
    "point":"POINT (-122.471025 37.783932)",
    "analysis_neighborhood":"Inner Richmond",
    "supervisor_district":1,
    "data_as_of":"2026/02/03 02:02:06 PM",
    "data_loaded_at":"2026/02/06 02:16:51 PM"
    }
  },
  {
    "type": "Feature",
    "geometry": {
       "type": "Point",
       "coordinates":  [ -122.420143,37.750938 ]
    },
    "properties": {
    "record_type":"School",
    "cds_code":"38,684,786,905,913",
    "district":"San Francisco Unified",
    "school":"Synergy School",
    "status":"Active",
    "open_date":"1980/07/01 12:00:00 AM",
    "charter_yesno":"false",
    "educational_program_type":"No Data",
    "entity_type":"Elementary School (Private)",
    "low_grade":"K",
    "high_grade":"8",
    "public_yesno":"false",
    "website":"www.synergyschool.org",
    "street_address":"1387 Valencia St.",
    "street_city":"San Francisco",
    "street_state":"CA",
    "street_zip":"94110-3714",
    "phone":"(415) 567-6177",
    "point":"POINT (-122.420143 37.750938)",
    "analysis_neighborhood":"Mission",
    "supervisor_district":9,
    "data_as_of":"2026/02/03 02:02:06 PM",
    "data_loaded_at":"2026/02/06 02:16:51 PM"
    }
  },
  {
    "type": "Feature",
    "geometry": {
       "type": "Point",
       "coordinates":  [ -122.407332,37.728000 ]
    },
    "properties": {
    "record_type":"School",
    "cds_code":"38,684,786,040,943",
    "district":"San Francisco Unified",
    "school":"Taylor (Edward R.) Elementary",
    "status":"Active",
    "open_date":"1980/07/01 12:00:00 AM",
    "charter_yesno":"false",
    "educational_program_type":"Traditional",
    "entity_type":"Elementary Schools (Public)",
    "low_grade":"K",
    "high_grade":"5",
    "public_yesno":"true",
    "website":"No Data",
    "street_address":"423 Burrows St.",
    "street_city":"San Francisco",
    "street_state":"CA",
    "street_zip":"94134-1449",
    "phone":"(415) 330-1530",
    "point":"POINT (-122.407332 37.728)",
    "analysis_neighborhood":"Portola",
    "supervisor_district":9,
    "data_as_of":"2026/02/03 02:02:06 PM",
    "data_loaded_at":"2026/02/06 02:16:51 PM"
    }
  },
  {
    "type": "Feature",
    "geometry": {
       "type": "Point",
       "coordinates":  [ -122.400884,37.789971 ]
    },
    "properties": {
    "record_type":"School",
    "cds_code":"38,684,786,161,921",
    "district":"San Francisco Unified",
    "school":"TCS",
    "status":"Active",
    "open_date":"2021/10/04 12:00:00 AM",
    "charter_yesno":"false",
    "educational_program_type":"No Data",
    "entity_type":"K-12 Schools (Private)",
    "low_grade":"K",
    "high_grade":"12",
    "public_yesno":"false",
    "website":"tcsglobal.org",
    "street_address":"548 Market St., No 41193",
    "street_city":"San Francisco",
    "street_state":"CA",
    "street_zip":"94104",
    "phone":"(415) 938-4934",
    "point":"POINT (-122.400884 37.789971)",
    "analysis_neighborhood":"Financial District/South Beach",
    "supervisor_district":3,
    "data_as_of":"2026/02/03 02:02:06 PM",
    "data_loaded_at":"2026/02/06 02:16:51 PM"
    }
  },
  {
    "type": "Feature",
    "geometry": {
       "type": "Point",
       "coordinates":  [ -122.419799,37.782061 ]
    },
    "properties": {
    "record_type":"School",
    "cds_code":"38,684,786,115,901",
    "district":"San Francisco Unified",
    "school":"Tenderloin Community",
    "status":"Active",
    "open_date":"1998/08/25 12:00:00 AM",
    "charter_yesno":"false",
    "educational_program_type":"Traditional",
    "entity_type":"Elementary Schools (Public)",
    "low_grade":"K",
    "high_grade":"5",
    "public_yesno":"true",
    "website":"No Data",
    "street_address":"627 Turk St.",
    "street_city":"San Francisco",
    "street_state":"CA",
    "street_zip":"94102-3212",
    "phone":"(415) 749-3567",
    "point":"POINT (-122.419799 37.782061)",
    "analysis_neighborhood":"Tenderloin",
    "supervisor_district":5,
    "data_as_of":"2026/02/03 02:02:06 PM",
    "data_loaded_at":"2026/02/06 02:16:51 PM"
    }
  },
  {
    "type": "Feature",
    "geometry": {
       "type": "Point",
       "coordinates":  [ -122.499658,37.775338 ]
    },
    "properties": {
    "record_type":"School",
    "cds_code":"38,684,786,169,163",
    "district":"San Francisco Unified",
    "school":"Terra San Francisco School",
    "status":"Active",
    "open_date":"2024/01/22 12:00:00 AM",
    "charter_yesno":"false",
    "educational_program_type":"No Data",
    "entity_type":"Kindergartens (Private)",
    "low_grade":"K",
    "high_grade":"3",
    "public_yesno":"false",
    "website":"https://www.terraschools.org/",
    "street_address":"3801 Balboa St.",
    "street_city":"San Francisco",
    "street_state":"CA",
    "street_zip":"94121-2512",
    "phone":"(415) 906-2220",
    "point":"POINT (-122.499658 37.775338)",
    "analysis_neighborhood":"Outer Richmond",
    "supervisor_district":1,
    "data_as_of":"2026/02/03 02:02:06 PM",
    "data_loaded_at":"2026/02/06 02:16:51 PM"
    }
  },
  {
    "type": "Feature",
    "geometry": {
       "type": "Point",
       "coordinates":  [ -122.455646,37.800780 ]
    },
    "properties": {
    "record_type":"School",
    "cds_code":"38,684,786,138,176",
    "district":"San Francisco Unified",
    "school":"The Bay School of San Francisco",
    "status":"Active",
    "open_date":"2009/04/28 12:00:00 AM",
    "charter_yesno":"false",
    "educational_program_type":"No Data",
    "entity_type":"High Schools (Private)",
    "low_grade":"9",
    "high_grade":"12",
    "public_yesno":"false",
    "website":"bayschoolsf.org",
    "street_address":"35 Keyes Ave",
    "street_city":"San Francisco",
    "street_state":"CA",
    "street_zip":"94129-1736",
    "phone":"(415) 561-5800",
    "point":"POINT (-122.455646 37.80078)",
    "analysis_neighborhood":"Presidio",
    "supervisor_district":2,
    "data_as_of":"2026/02/03 02:02:06 PM",
    "data_loaded_at":"2026/02/06 02:16:51 PM"
    }
  },
  {
    "type": "Feature",
    "geometry": {
       "type": "Point",
       "coordinates":  [ -122.475599,37.713285 ]
    },
    "properties": {
    "record_type":"School",
    "cds_code":"38,684,786,152,565",
    "district":"San Francisco Unified",
    "school":"The Brandeis School of San Francisco",
    "status":"Active",
    "open_date":"2017/02/27 12:00:00 AM",
    "charter_yesno":"false",
    "educational_program_type":"No Data",
    "entity_type":"Elementary School (Private)",
    "low_grade":"K",
    "high_grade":"8",
    "public_yesno":"false",
    "website":"www.sfbrandeis.org",
    "street_address":"655 Brotherhood Way",
    "street_city":"San Francisco",
    "street_state":"CA",
    "street_zip":"94132-2901",
    "phone":"(415) 406-1035",
    "point":"POINT (-122.475599 37.713285)",
    "analysis_neighborhood":"Lakeshore",
    "supervisor_district":7,
    "data_as_of":"2026/02/03 02:02:06 PM",
    "data_loaded_at":"2026/02/06 02:16:51 PM"
    }
  },
  {
    "type": "Feature",
    "geometry": {
       "type": "Point",
       "coordinates":  [ -122.391205,37.772413 ]
    },
    "properties": {
    "record_type":"School",
    "cds_code":"38,684,786,168,728",
    "district":"San Francisco Unified",
    "school":"The Dahlia School of San Francisco Elementary",
    "status":"Active",
    "open_date":"2023/10/26 12:00:00 AM",
    "charter_yesno":"false",
    "educational_program_type":"No Data",
    "entity_type":"Elementary School (Private)",
    "low_grade":"K",
    "high_grade":"6",
    "public_yesno":"false",
    "website":"www.thedahliaschoolsf.org",
    "street_address":"1245 4Th St.",
    "street_city":"San Francisco",
    "street_state":"CA",
    "street_zip":"94158-2249",
    "phone":"(415) 425-3073",
    "point":"POINT (-122.391205 37.772413)",
    "analysis_neighborhood":"Mission Bay",
    "supervisor_district":6,
    "data_as_of":"2026/02/03 02:02:06 PM",
    "data_loaded_at":"2026/02/06 02:16:51 PM"
    }
  },
  {
    "type": "Feature",
    "geometry": {
       "type": "Point",
       "coordinates":  [ -122.432524,37.794904 ]
    },
    "properties": {
    "record_type":"School",
    "cds_code":"38,684,786,997,829",
    "district":"San Francisco Unified",
    "school":"The Hamlin School",
    "status":"Active",
    "open_date":"1980/07/01 12:00:00 AM",
    "charter_yesno":"false",
    "educational_program_type":"No Data",
    "entity_type":"Elementary School (Private)",
    "low_grade":"K",
    "high_grade":"8",
    "public_yesno":"false",
    "website":"https://www.hamlin.org/",
    "street_address":"2120 BRd.way St.",
    "street_city":"San Francisco",
    "street_state":"CA",
    "street_zip":"94115",
    "phone":"(415) 922-0300",
    "point":"POINT (-122.432524 37.794904)",
    "analysis_neighborhood":"Pacific Heights",
    "supervisor_district":2,
    "data_as_of":"2026/02/03 02:02:06 PM",
    "data_loaded_at":"2026/02/06 02:16:51 PM"
    }
  },
  {
    "type": "Feature",
    "geometry": {
       "type": "Point",
       "coordinates":  [ -122.421751,37.775341 ]
    },
    "properties": {
    "record_type":"School",
    "cds_code":"38,684,786,981,195",
    "district":"San Francisco Unified",
    "school":"The International School of San Francisco",
    "status":"Active",
    "open_date":"1980/07/01 12:00:00 AM",
    "charter_yesno":"false",
    "educational_program_type":"No Data",
    "entity_type":"K-12 Schools (Private)",
    "low_grade":"K",
    "high_grade":"12",
    "public_yesno":"false",
    "website":"https://www.internationalsf.org/",
    "street_address":"150 Oak St.",
    "street_city":"San Francisco",
    "street_state":"CA",
    "street_zip":"94102-5912",
    "phone":"(415) 558-2000",
    "point":"POINT (-122.421751 37.775341)",
    "analysis_neighborhood":"Hayes Valley",
    "supervisor_district":5,
    "data_as_of":"2026/02/03 02:02:06 PM",
    "data_loaded_at":"2026/02/06 02:16:51 PM"
    }
  },
  {
    "type": "Feature",
    "geometry": {
       "type": "Point",
       "coordinates":  [ -122.387036,37.717953 ]
    },
    "properties": {
    "record_type":"School",
    "cds_code":"38,684,786,170,989",
    "district":"San Francisco Unified",
    "school":"The Neos Bayview Academy",
    "status":"Active",
    "open_date":"2024/10/22 12:00:00 AM",
    "charter_yesno":"false",
    "educational_program_type":"No Data",
    "entity_type":"Elementary School (Private)",
    "low_grade":"K",
    "high_grade":"5",
    "public_yesno":"false",
    "website":"neoskids.org",
    "street_address":"950 Gilman Ave.",
    "street_city":"San Francisco",
    "street_state":"CA",
    "street_zip":"94124-3709",
    "phone":"(415) 336-0200",
    "point":"POINT (-122.387036 37.717953)",
    "analysis_neighborhood":"Bayview Hunters Point",
    "supervisor_district":10,
    "data_as_of":"2026/02/03 02:02:06 PM",
    "data_loaded_at":"2026/02/06 02:16:51 PM"
    }
  },
  {
    "type": "Feature",
    "geometry": {
       "type": "Point",
       "coordinates":  [ -122.426202,37.754937 ]
    },
    "properties": {
    "record_type":"School",
    "cds_code":"38,684,786,040,935",
    "district":"San Francisco Unified",
    "school":"Thomas Edison Charter Academy",
    "status":"Active",
    "open_date":"1998/08/25 12:00:00 AM",
    "charter_yesno":"true",
    "educational_program_type":"Traditional",
    "entity_type":"Elementary Schools (Public)",
    "low_grade":"K",
    "high_grade":"8",
    "public_yesno":"true",
    "website":"www.teca-sf.org",
    "street_address":"3531 22nd St.",
    "street_city":"San Francisco",
    "street_state":"CA",
    "street_zip":"94114-3405",
    "phone":"(415) 970-3330",
    "point":"POINT (-122.426202 37.754937)",
    "analysis_neighborhood":"Noe Valley",
    "supervisor_district":8,
    "data_as_of":"2026/02/03 02:02:06 PM",
    "data_loaded_at":"2026/02/06 02:16:51 PM"
    }
  },
  {
    "type": "Feature",
    "geometry": {
       "type": "Point",
       "coordinates":  [ -122.440117,37.791895 ]
    },
    "properties": {
    "record_type":"School",
    "cds_code":"38,684,786,980,833",
    "district":"San Francisco Unified",
    "school":"Town School for Boys",
    "status":"Active",
    "open_date":"1980/07/01 12:00:00 AM",
    "charter_yesno":"false",
    "educational_program_type":"No Data",
    "entity_type":"Elementary School (Private)",
    "low_grade":"K",
    "high_grade":"8",
    "public_yesno":"false",
    "website":"www.townschool.com",
    "street_address":"2750 Jackson St.",
    "street_city":"San Francisco",
    "street_state":"CA",
    "street_zip":"94115-1144",
    "phone":"(415) 921-3747",
    "point":"POINT (-122.440117 37.791895)",
    "analysis_neighborhood":"Pacific Heights",
    "supervisor_district":2,
    "data_as_of":"2026/02/03 02:02:06 PM",
    "data_loaded_at":"2026/02/06 02:16:51 PM"
    }
  },
  {
    "type": "Feature",
    "geometry": {
       "type": "Point",
       "coordinates":  [ -122.434534,37.799407 ]
    },
    "properties": {
    "record_type":"School",
    "cds_code":"38,684,780,117,523",
    "district":"San Francisco Unified",
    "school":"Tule Elk Park Children Center",
    "status":"Active",
    "open_date":"2008/06/01 12:00:00 AM",
    "charter_yesno":"false",
    "educational_program_type":"Traditional",
    "entity_type":"Preschool",
    "low_grade":"P",
    "high_grade":"P",
    "public_yesno":"true",
    "website":"No Data",
    "street_address":"2110 Greenwich St.",
    "street_city":"San Francisco",
    "street_state":"CA",
    "street_zip":"94123-3405",
    "phone":"(415) 749-3551",
    "point":"POINT (-122.434534 37.799407)",
    "analysis_neighborhood":"Marina",
    "supervisor_district":2,
    "data_as_of":"2026/02/03 02:02:06 PM",
    "data_loaded_at":"2026/02/06 02:16:51 PM"
    }
  },
  {
    "type": "Feature",
    "geometry": {
       "type": "Point",
       "coordinates":  [ -122.499954,37.737302 ]
    },
    "properties": {
    "record_type":"School",
    "cds_code":"38,684,786,041,685",
    "district":"San Francisco Unified",
    "school":"Ulloa Elementary",
    "status":"Active",
    "open_date":"1980/07/01 12:00:00 AM",
    "charter_yesno":"false",
    "educational_program_type":"Traditional",
    "entity_type":"Elementary Schools (Public)",
    "low_grade":"K",
    "high_grade":"5",
    "public_yesno":"true",
    "website":"No Data",
    "street_address":"2650 42nd Ave.",
    "street_city":"San Francisco",
    "street_state":"CA",
    "street_zip":"94116-2714",
    "phone":"(415) 759-2841",
    "point":"POINT (-122.499954 37.737302)",
    "analysis_neighborhood":"Sunset/Parkside",
    "supervisor_district":4,
    "data_as_of":"2026/02/03 02:02:06 PM",
    "data_loaded_at":"2026/02/06 02:16:51 PM"
    }
  },
  {
    "type": "Feature",
    "geometry": {
       "type": "Point",
       "coordinates":  [ -122.446249,37.770967 ]
    },
    "properties": {
    "record_type":"School",
    "cds_code":"38,684,786,938,930",
    "district":"San Francisco Unified",
    "school":"Urban School of San Francisco",
    "status":"Active",
    "open_date":"1980/07/01 12:00:00 AM",
    "charter_yesno":"false",
    "educational_program_type":"No Data",
    "entity_type":"High Schools (Private)",
    "low_grade":"9",
    "high_grade":"12",
    "public_yesno":"false",
    "website":"www.urbanschool.org",
    "street_address":"1563 Page St.",
    "street_city":"San Francisco",
    "street_state":"CA",
    "street_zip":"94117-2017",
    "phone":"(415) 626-2919",
    "point":"POINT (-122.446249 37.770967)",
    "analysis_neighborhood":"Haight Ashbury",
    "supervisor_district":5,
    "data_as_of":"2026/02/03 02:02:06 PM",
    "data_loaded_at":"2026/02/06 02:16:51 PM"
    }
  },
  {
    "type": "Feature",
    "geometry": {
       "type": "Point",
       "coordinates":  [ -122.410365,37.712680 ]
    },
    "properties": {
    "record_type":"School",
    "cds_code":"38,684,786,041,701",
    "district":"San Francisco Unified",
    "school":"Visitacion Valley Elementary",
    "status":"Active",
    "open_date":"1980/07/01 12:00:00 AM",
    "charter_yesno":"false",
    "educational_program_type":"Traditional",
    "entity_type":"Elementary Schools (Public)",
    "low_grade":"K",
    "high_grade":"5",
    "public_yesno":"true",
    "website":"No Data",
    "street_address":"55 Schwerin St.",
    "street_city":"San Francisco",
    "street_state":"CA",
    "street_zip":"94134-2742",
    "phone":"(415) 469-4796",
    "point":"POINT (-122.410365 37.71268)",
    "analysis_neighborhood":"Visitacion Valley",
    "supervisor_district":10,
    "data_as_of":"2026/02/03 02:02:06 PM",
    "data_loaded_at":"2026/02/06 02:16:51 PM"
    }
  },
  {
    "type": "Feature",
    "geometry": {
       "type": "Point",
       "coordinates":  [ -122.412417,37.715632 ]
    },
    "properties": {
    "record_type":"School",
    "cds_code":"38,684,786,059,919",
    "district":"San Francisco Unified",
    "school":"Visitacion Valley Middle",
    "status":"Active",
    "open_date":"1980/07/01 12:00:00 AM",
    "charter_yesno":"false",
    "educational_program_type":"Traditional",
    "entity_type":"Intermediate/Middle Schools (Public)",
    "low_grade":"6",
    "high_grade":"8",
    "public_yesno":"true",
    "website":"No Data",
    "street_address":"1971 Visitacion Ave.",
    "street_city":"San Francisco",
    "street_state":"CA",
    "street_zip":"94134-2700",
    "phone":"(415) 469-4590",
    "point":"POINT (-122.412417 37.715632)",
    "analysis_neighborhood":"McLaren Park",
    "supervisor_district":10,
    "data_as_of":"2026/02/03 02:02:06 PM",
    "data_loaded_at":"2026/02/06 02:16:51 PM"
    }
  },
  {
    "type": "Feature",
    "geometry": {
       "type": "Point",
       "coordinates":  [ -122.445755,37.780171 ]
    },
    "properties": {
    "record_type":"School",
    "cds_code":"38,684,783,830,205",
    "district":"San Francisco Unified",
    "school":"Wallenberg (Raoul) Traditional High",
    "status":"Active",
    "open_date":"1980/07/01 12:00:00 AM",
    "charter_yesno":"false",
    "educational_program_type":"Traditional",
    "entity_type":"High Schools (Public)",
    "low_grade":"9",
    "high_grade":"12",
    "public_yesno":"true",
    "website":"No Data",
    "street_address":"40 Vega St.",
    "street_city":"San Francisco",
    "street_state":"CA",
    "street_zip":"94115-3826",
    "phone":"(415) 749-3469",
    "point":"POINT (-122.445755 37.780171)",
    "analysis_neighborhood":"Lone Mountain/USF",
    "supervisor_district":2,
    "data_as_of":"2026/02/03 02:02:06 PM",
    "data_loaded_at":"2026/02/06 02:16:51 PM"
    }
  },
  {
    "type": "Feature",
    "geometry": {
       "type": "Point",
       "coordinates":  [ -122.492032,37.777781 ]
    },
    "properties": {
    "record_type":"School",
    "cds_code":"38,684,783,839,081",
    "district":"San Francisco Unified",
    "school":"Washington (George) High",
    "status":"Active",
    "open_date":"1980/07/01 12:00:00 AM",
    "charter_yesno":"false",
    "educational_program_type":"Traditional",
    "entity_type":"High Schools (Public)",
    "low_grade":"9",
    "high_grade":"12",
    "public_yesno":"true",
    "website":"No Data",
    "street_address":"600 32nd Ave.",
    "street_city":"San Francisco",
    "street_state":"CA",
    "street_zip":"94121-2733",
    "phone":"(415) 750-8400",
    "point":"POINT (-122.492032 37.777781)",
    "analysis_neighborhood":"Outer Richmond",
    "supervisor_district":1,
    "data_as_of":"2026/02/03 02:02:06 PM",
    "data_loaded_at":"2026/02/06 02:16:51 PM"
    }
  },
  {
    "type": "Feature",
    "geometry": {
       "type": "Point",
       "coordinates":  [ -122.396236,37.760489 ]
    },
    "properties": {
    "record_type":"School",
    "cds_code":"38,684,786,040,893",
    "district":"San Francisco Unified",
    "school":"Webster (Daniel) Elementary",
    "status":"Active",
    "open_date":"1980/07/01 12:00:00 AM",
    "charter_yesno":"false",
    "educational_program_type":"Traditional",
    "entity_type":"Elementary Schools (Public)",
    "low_grade":"K",
    "high_grade":"5",
    "public_yesno":"true",
    "website":"No Data",
    "street_address":"465 Missouri St.",
    "street_city":"San Francisco",
    "street_state":"CA",
    "street_zip":"94107-2826",
    "phone":"(415) 695-5787",
    "point":"POINT (-122.396236 37.760489)",
    "analysis_neighborhood":"Potrero Hill",
    "supervisor_district":10,
    "data_as_of":"2026/02/03 02:02:06 PM",
    "data_loaded_at":"2026/02/06 02:16:51 PM"
    }
  },
  {
    "type": "Feature",
    "geometry": {
       "type": "Point",
       "coordinates":  [ -122.430134,37.783512 ]
    },
    "properties": {
    "record_type":"School",
    "cds_code":"38,684,780,117,515",
    "district":"San Francisco Unified",
    "school":"Weill (Raphael) Children Center",
    "status":"Active",
    "open_date":"2008/06/01 12:00:00 AM",
    "charter_yesno":"false",
    "educational_program_type":"Traditional",
    "entity_type":"Preschool",
    "low_grade":"P",
    "high_grade":"P",
    "public_yesno":"true",
    "website":"No Data",
    "street_address":"1501 O'Farrell St.",
    "street_city":"San Francisco",
    "street_state":"CA",
    "street_zip":"94115-3762",
    "phone":"(415) 749-3548",
    "point":"POINT (-122.430134 37.783512)",
    "analysis_neighborhood":"Western Addition",
    "supervisor_district":5,
    "data_as_of":"2026/02/03 02:02:06 PM",
    "data_loaded_at":"2026/02/06 02:16:51 PM"
    }
  },
  {
    "type": "Feature",
    "geometry": {
       "type": "Point",
       "coordinates":  [ -122.434461,37.775392 ]
    },
    "properties": {
    "record_type":"School",
    "cds_code":"38,684,783,830,031",
    "district":"San Francisco Unified",
    "school":"Wells (Ida B.) High",
    "status":"Active",
    "open_date":"1980/07/01 12:00:00 AM",
    "charter_yesno":"false",
    "educational_program_type":"Continuation School",
    "entity_type":"Continuation High Schools",
    "low_grade":"9",
    "high_grade":"12",
    "public_yesno":"true",
    "website":"No Data",
    "street_address":"1099 Hayes St.",
    "street_city":"San Francisco",
    "street_state":"CA",
    "street_zip":"94117-1621",
    "phone":"(415) 241-6315",
    "point":"POINT (-122.434461 37.775392)",
    "analysis_neighborhood":"Hayes Valley",
    "supervisor_district":5,
    "data_as_of":"2026/02/03 02:02:06 PM",
    "data_loaded_at":"2026/02/06 02:16:51 PM"
    }
  },
  {
    "type": "Feature",
    "geometry": {
       "type": "Point",
       "coordinates":  [ -122.447611,37.728160 ]
    },
    "properties": {
    "record_type":"School",
    "cds_code":"38,684,786,203,384",
    "district":"San Francisco Unified",
    "school":"Wen Jian Ying",
    "status":"Active",
    "open_date":"2004/08/12 12:00:00 AM",
    "charter_yesno":"false",
    "educational_program_type":"No Data",
    "entity_type":"Elementary School (Private)",
    "low_grade":"K",
    "high_grade":"12",
    "public_yesno":"false",
    "website":"No Data",
    "street_address":"259 Judson Ave.",
    "street_city":"San Francisco",
    "street_state":"CA",
    "street_zip":"94112-1848",
    "phone":"(415) 586-6987",
    "point":"POINT (-122.447611 37.72816)",
    "analysis_neighborhood":"West of Twin Peaks",
    "supervisor_district":7,
    "data_as_of":"2026/02/03 02:02:06 PM",
    "data_loaded_at":"2026/02/06 02:16:51 PM"
    }
  },
  {
    "type": "Feature",
    "geometry": {
       "type": "Point",
       "coordinates":  [ -122.464683,37.743572 ]
    },
    "properties": {
    "record_type":"School",
    "cds_code":"38,684,786,041,727",
    "district":"San Francisco Unified",
    "school":"West Portal Elementary",
    "status":"Active",
    "open_date":"1980/07/01 12:00:00 AM",
    "charter_yesno":"false",
    "educational_program_type":"Traditional",
    "entity_type":"Elementary Schools (Public)",
    "low_grade":"K",
    "high_grade":"5",
    "public_yesno":"true",
    "website":"No Data",
    "street_address":"5 Lenox Way",
    "street_city":"San Francisco",
    "street_state":"CA",
    "street_zip":"94127-1111",
    "phone":"(415) 759-2846",
    "point":"POINT (-122.464683 37.743572)",
    "analysis_neighborhood":"West of Twin Peaks",
    "supervisor_district":7,
    "data_as_of":"2026/02/03 02:02:06 PM",
    "data_loaded_at":"2026/02/06 02:16:51 PM"
    }
  },
  {
    "type": "Feature",
    "geometry": {
       "type": "Point",
       "coordinates":  [ -122.473426,37.735255 ]
    },
    "properties": {
    "record_type":"School",
    "cds_code":"38,684,786,980,874",
    "district":"San Francisco Unified",
    "school":"West Portal Lutheran School",
    "status":"Active",
    "open_date":"1980/07/01 12:00:00 AM",
    "charter_yesno":"false",
    "educational_program_type":"No Data",
    "entity_type":"Elementary School (Private)",
    "low_grade":"K",
    "high_grade":"8",
    "public_yesno":"false",
    "website":"https://www.wplsf.com/",
    "street_address":"200 Sloat Blvd",
    "street_city":"San Francisco",
    "street_state":"CA",
    "street_zip":"94132-1621",
    "phone":"(415) 665-6330",
    "point":"POINT (-122.473426 37.735255)",
    "analysis_neighborhood":"West of Twin Peaks",
    "supervisor_district":7,
    "data_as_of":"2026/02/03 02:02:06 PM",
    "data_loaded_at":"2026/02/06 02:16:51 PM"
    }
  },
  {
    "type": "Feature",
    "geometry": {
       "type": "Point",
       "coordinates":  [ -122.416304,37.801906 ]
    },
    "properties": {
    "record_type":"School",
    "cds_code":"38,684,786,041,131",
    "district":"San Francisco Unified",
    "school":"Yick Wo Elementary",
    "status":"Active",
    "open_date":"1980/07/01 12:00:00 AM",
    "charter_yesno":"false",
    "educational_program_type":"Traditional",
    "entity_type":"Elementary Schools (Public)",
    "low_grade":"K",
    "high_grade":"5",
    "public_yesno":"true",
    "website":"No Data",
    "street_address":"2245 Jones St.",
    "street_city":"San Francisco",
    "street_state":"CA",
    "street_zip":"94133-2207",
    "phone":"(415) 749-3540",
    "point":"POINT (-122.416304 37.801906)",
    "analysis_neighborhood":"Russian Hill",
    "supervisor_district":3,
    "data_as_of":"2026/02/03 02:02:06 PM",
    "data_loaded_at":"2026/02/06 02:16:51 PM"
    }
  },
  {
    "type": "Feature",
    "geometry": {
       "type": "Point",
       "coordinates":  [ -122.469314,37.759405 ]
    },
    "properties": {
    "record_type":"School",
    "cds_code":"38,684,786,113,245",
    "district":"San Francisco Unified",
    "school":"Yu (Alice Fong) Elementary",
    "status":"Active",
    "open_date":"1995/09/05 12:00:00 AM",
    "charter_yesno":"false",
    "educational_program_type":"Traditional",
    "entity_type":"Elementary Schools (Public)",
    "low_grade":"K",
    "high_grade":"8",
    "public_yesno":"true",
    "website":"No Data",
    "street_address":"1541 12th Ave.",
    "street_city":"San Francisco",
    "street_state":"CA",
    "street_zip":"94122-3503",
    "phone":"(415) 759-2764",
    "point":"POINT (-122.469314 37.759405)",
    "analysis_neighborhood":"Inner Sunset",
    "supervisor_district":7,
    "data_as_of":"2026/02/03 02:02:06 PM",
    "data_loaded_at":"2026/02/06 02:16:51 PM"
    }
  },
  {
    "type": "Feature",
    "geometry": {
       "type": "Point",
       "coordinates":  [ -122.467633,37.779241 ]
    },
    "properties": {
    "record_type":"School",
    "cds_code":"38,684,786,980,890",
    "district":"San Francisco Unified",
    "school":"Zion Lutheran School",
    "status":"Active",
    "open_date":"1980/07/01 12:00:00 AM",
    "charter_yesno":"false",
    "educational_program_type":"No Data",
    "entity_type":"Elementary School (Private)",
    "low_grade":"K",
    "high_grade":"8",
    "public_yesno":"false",
    "website":"www.zionsfschool.org",
    "street_address":"495 9th Ave.",
    "street_city":"San Francisco",
    "street_state":"CA",
    "street_zip":"94118-2912",
    "phone":"(415) 221-7500",
    "point":"POINT (-122.467633 37.779241)",
    "analysis_neighborhood":"Inner Richmond",
    "supervisor_district":1,
    "data_as_of":"2026/02/03 02:02:06 PM",
    "data_loaded_at":"2026/02/06 02:16:51 PM"
    }
  },
  {
    "type": "Feature",
    "geometry": {
       "type": "Point",
       "coordinates":  { }
    },
    "properties": {
    "record_type":"School",
    "cds_code":"38,684,786,171,813",
    "district":"San Francisco Unified",
    "school":"Andrews family home school",
    "status":"Active",
    "open_date":"2025/04/15 12:00:00 AM",
    "charter_yesno":"false",
    "educational_program_type":"No Data",
    "entity_type":"K-12 Schools (Private)",
    "low_grade":"K",
    "high_grade":"12",
    "public_yesno":"false",
    "website":"No Data",
    "street_address":"Information Redacted",
    "street_city":"Information Redacted",
    "street_state":"Information Redacted",
    "street_zip":"Information Redacted",
    "phone":"Information Redacted",
    "point":"",
    "analysis_neighborhood":"",
    "supervisor_district":null,
    "data_as_of":"2026/02/03 02:02:06 PM",
    "data_loaded_at":"2026/02/06 02:16:51 PM"
    }
  },
  {
    "type": "Feature",
    "geometry": {
       "type": "Point",
       "coordinates":  { }
    },
    "properties": {
    "record_type":"School",
    "cds_code":"38,684,786,170,609",
    "district":"San Francisco Unified",
    "school":"Sovereign Private School",
    "status":"Active",
    "open_date":"2024/09/26 12:00:00 AM",
    "charter_yesno":"false",
    "educational_program_type":"No Data",
    "entity_type":"K-12 Schools (Private)",
    "low_grade":"K",
    "high_grade":"12",
    "public_yesno":"false",
    "website":"soveriegnprivate.school",
    "street_address":"Information Redacted",
    "street_city":"Information Redacted",
    "street_state":"Information Redacted",
    "street_zip":"Information Redacted",
    "phone":"Information Redacted",
    "point":"",
    "analysis_neighborhood":"",
    "supervisor_district":null,
    "data_as_of":"2026/02/03 02:02:06 PM",
    "data_loaded_at":"2026/02/06 02:16:51 PM"
    }
  }
]
}